condition_id,chunker,retriever,model,question,gold,answer,correct,retrieval_hit,failure_type,raw_output,grounding_score
justified_biomistral,fixed,bm25,biomistral,Do mitochondria play a role in remodelling lace plant leaves during programmed cell death?,yes,yes,1,1,success, Yes.,0.0000
justified_biomistral,fixed,bm25,biomistral,Landolt C and snellen e acuity: differences in strabismus amblyopia?,no,yes,0,1,generation_failure, Yes. The mean difference between landolt c acuity (lr) and snellen e acuity (se) was 0.55 lines in the entire group and 0.55 lines for the eyes with strabismus ambly,0.0000
justified_biomistral,fixed,bm25,biomistral,"Syncope during bathing in infants, a pediatric form of water-induced urticaria?",yes,yes,1,1,success, Yes. The diagnosis of an equivalent of aquagenic urticaria was considered.,0.0000
justified_biomistral,fixed,bm25,biomistral,Are the long-term results of the transanal pull-through equal to those of the transabdominal pull-through?,no,yes,0,1,generation_failure, Yes. The long-term results of the transanal pull-through are equal to those of the transabdominal pull-through.,0.0000
justified_biomistral,fixed,bm25,biomistral,Can tailored interventions increase mammography use among HMO women?,yes,yes,1,1,success, Yes. The study showed that tailored telephone counseling promoted a significantly higher proportion of women having mammograms on schedule ( 71 % vs 61 % ) than did tailored print ( 67 % vs 61 %,0.0000
justified_biomistral,fixed,bm25,biomistral,Double balloon enteroscopy: is it efficacious and safe in a community setting?,yes,yes,1,0,lucky_guess, Yes. The use of a balloon expandable stent valve includes balloon predilatation of the aortic stenosis before valve deployment. The aim of the study was to see whether or not balloon predilat,0.0000
justified_biomistral,fixed,bm25,biomistral,30-Day and 1-year mortality in emergency general surgery laparotomies: an area of concern and need for improvement?,maybe,yes,0,1,generation_failure, Yes. The 30-day mortality is 12.4 % in those aged < 70 years and 22 % in those > 70 years. The 1-year mortality is 25.,0.0000
justified_biomistral,fixed,bm25,biomistral,Is adjustment for reporting heterogeneity necessary in sleep disorders?,no,yes,0,1,generation_failure," Yes. The prevalence of self-reported problems with sleep and energy was 53%. Without correction of cut-point shifts, age, sex, and the number of comorbidities were significantly associated with a greater severity of sleep",0.0000
justified_biomistral,fixed,bm25,biomistral,Do mutations causing low HDL-C promote increased carotid intima-media thickness?,no,no,1,1,success," No. The mutations in LCAT, ABCA1 and APOA1 cause low HDL-C. However, these mutations do not promote increased carotid intima-media thickness. (Context: [1, ",0.0000
justified_biomistral,fixed,bm25,biomistral,A short stay or 23-hour ward in a general and academic children's hospital: are they effective?,yes,yes,1,1,success, Yes.,0.0000
justified_biomistral,fixed,bm25,biomistral,Did Chile's traffic law reform push police enforcement?,yes,yes,1,1,success, Yes. The enactment of the traffic law reform in interaction with number of traffic tickets per police officer is significantly associated with a decrease of 8 % in traffic fatalities and 7 % in severe injuries.,0.0000
justified_biomistral,fixed,bm25,biomistral,Therapeutic anticoagulation in the trauma patient: is it safe?,no,yes,0,1,generation_failure, Yes.,0.0000
justified_biomistral,fixed,bm25,biomistral,Differentiation of nonalcoholic from alcoholic steatohepatitis: are routine laboratory markers useful?,yes,yes,1,1,success, Yes. The study investigated the role of routine laboratory parameters in distinguishing nonalcoholic steatohepatitis from alcoholic steatohepatitis. The study found that the levels of alanine aminotransferase (,0.0000
justified_biomistral,fixed,bm25,biomistral,Prompting Primary Care Providers about Increased Patient Risk As a Result of Family History: Does It Work?,no,no,1,1,success," No. The study found that automated, tailored prompts highlighting familial risk for heart disease, stroke, diabetes, and breast, colorectal, or ovarian cancer were implemented during 2011 to 20",0.0000
justified_biomistral,fixed,bm25,biomistral,Do emergency ultrasound fellowship programs impact emergency medicine residents' ultrasound education?,yes,yes,1,1,success, Yes. The study found that residents in programs with ultrasound fellowships reported performing more scans than those in programs without fellowships (p = .04). There were also significant differences in most applications of bedside ultrasound between resid,0.0000
justified_biomistral,fixed,bm25,biomistral,Patient-Controlled Therapy of Breathlessness in Palliative Care: A New Therapeutic Concept for Opioid Administration?,yes,yes,1,1,success, Yes. The study investigates the feasibility and acceptance of opioid PCT in patients with refractory breathlessness. The study found that opioid PCT was effective in reducing breathlessness and that it was well accepted by patients.,0.0000
justified_biomistral,fixed,bm25,biomistral,Is there still a need for living-related liver transplantation in children?,yes,no,0,1,generation_failure," No. The concept of split-liver transplantation results from the development of reduced-size transplantation. A further development of split-liver transplantation, the in situ split technique, is derived from living-related liver transplantation",0.0000
justified_biomistral,fixed,bm25,biomistral,Do patterns of knowledge and attitudes exist among unvaccinated seniors?,yes,yes,1,1,success, Yes.,0.0000
justified_biomistral,fixed,bm25,biomistral,Is there a model to teach and practice retroperitoneoscopic nephrectomy?,yes,yes,1,1,success, Yes. [1],0.0000
justified_biomistral,fixed,bm25,biomistral,Cardiovascular risk in a rural adult West African population: is resting heart rate also relevant?,yes,yes,1,1,success, Yes.,0.0000
justified_biomistral,fixed,bm25,biomistral,Israeli hospital preparedness for terrorism-related multiple casualty incidents: can the surge capacity and injury severity distribution be better predicted?,yes,yes,1,1,success, Yes. The injury severity distribution can be better predicted.,0.0000
justified_biomistral,fixed,bm25,biomistral,Acute respiratory distress syndrome in children with malignancy--can we predict outcome?,yes,yes,1,1,success, Yes.,0.0000
justified_biomistral,fixed,bm25,biomistral,Secondhand smoke risk in infants discharged from an NICU: potential for significant health disparities?,yes,yes,1,1,success, Yes.,0.0000
justified_biomistral,fixed,bm25,biomistral,Do nomograms designed to predict biochemical recurrence (BCR) do a better job of predicting more clinically relevant prostate cancer outcomes than BCR?,yes,yes,1,1,success, Yes. Nomograms designed to predict BCR can predict aggressive BCR (prostate-specific antigen doubling time < 9 months) more accurately than BCR.,0.0000
justified_biomistral,fixed,bm25,biomistral,Are reports of mechanical dysfunction in chronic oro-facial pain related to somatisation?,yes,yes,1,1,success, Yes.,0.0000
justified_biomistral,fixed,bm25,biomistral,Amblyopia: is visual loss permanent?,no,no,1,0,lucky_guess, No.,0.0000
justified_biomistral,fixed,bm25,biomistral,Implementation of epidural analgesia for labor: is the standard of effective analgesia reachable in all women?,yes,yes,1,1,success, Yes. The standard of effective analgesia is reachable in all women. The study showed that epidural analgesia increased from 15.5% of all labors in the first trimester of the study to 51,0.0000
justified_biomistral,fixed,bm25,biomistral,Does HER2 immunoreactivity provide prognostic information in locally advanced urothelial carcinoma patients receiving adjuvant M-VEC chemotherapy?,maybe,yes,0,1,generation_failure, Yes. The HER2 immunoreactivity is a significant prognostic factor for progression-free survival (p = 0.02) and disease-specific overall survival (p = 0.005) in,0.0000
justified_biomistral,fixed,bm25,biomistral,Is halofantrine ototoxic?,yes,yes,1,1,success, Yes.,0.0000
justified_biomistral,fixed,bm25,biomistral,Visceral adipose tissue area measurement at a single level: can it represent visceral adipose tissue volume?,yes,yes,1,1,success, Yes. The purpose of this study is to determine the ct slice location where vat area can best reflect changes in vat volume and body weight.,0.0000
justified_biomistral,fixed,bm25,biomistral,Necrotizing fasciitis: an indication for hyperbaric oxygenation therapy?,no,yes,0,1,generation_failure," Yes. Hyperbaric oxygenation (hbo) has been recommended as adjuvant therapy for necrotizing fasciitis (nf), improving patient mortality and outcome.",0.0000
justified_biomistral,fixed,bm25,biomistral,Is the Hawkins sign able to predict necrosis in fractures of the neck of the astragalus?,maybe,yes,0,1,generation_failure, Yes. The Hawkins sign is able to predict necrosis in fractures of the neck of the astragalus. This is supported by the fact that all cases with necrosis had a positive Hawkins sign. (2,0.0000
justified_biomistral,fixed,bm25,biomistral,Is a mandatory general surgery rotation necessary in the surgical clerkship?,no,yes,0,1,generation_failure," Yes. The study in [2] shows that equal mastery of surgical clerkship objectives can be obtained in a clerkship with and without general surgery. Therefore, a mandatory general surgery rotation is necessary in the surgical clerkship",0.0000
justified_biomistral,fixed,bm25,biomistral,Is Acupuncture Efficacious for Treating Phonotraumatic Vocal Pathologies?,yes,yes,1,1,success, Yes. [1] Acupuncture is efficacious for treating phonotraumatic vocal pathologies. [2] Acupuncture is efficacious for treating phonotraumatic vocal pathologies. [3,0.0000
justified_biomistral,fixed,bm25,biomistral,Is aneurysm repair justified for the patients aged 80 or older after aneurysmal subarachnoid hemorrhage?,yes,yes,1,1,success, Yes. The patients aged 80 or older who received aneurysm repair showed significantly better clinical outcome than the controls.,0.0000
justified_biomistral,fixed,bm25,biomistral,Do general practice characteristics influence uptake of an information technology (IT) innovation in primary care?,no,yes,0,1,generation_failure," Yes. Justification: ""total use was associated with structural characteristics of the practice"" [3].",0.0000
justified_biomistral,fixed,bm25,biomistral,Prognosis of well differentiated small hepatocellular carcinoma--is well differentiated hepatocellular carcinoma clinically early cancer?,no,yes,0,1,generation_failure, Yes. The purpose of this study is to examine whether or not well differentiated hepatocellular carcinoma is indeed clinically early cancer.,0.0000
justified_biomistral,fixed,bm25,biomistral,Do follow-up recommendations for abnormal Papanicolaou smears influence patient adherence?,no,yes,0,1,generation_failure, Yes. The evidence from the context shows that the rate of overall adherence to follow-up recommendations was 56.0% (136/243). The use of as many as 3 patient reminders substantially,0.0000
justified_biomistral,fixed,bm25,biomistral,Biomolecular identification of allergenic pollen: a new perspective for aerobiological monitoring?,yes,yes,1,1,success, Yes. The new method is more accurate and updated. It can be used to enhance sampling network.,0.0000
justified_biomistral,fixed,bm25,biomistral,Does diabetes mellitus influence the efficacy of FDG-PET in the diagnosis of cervical cancer?,no,yes,0,1,generation_failure, Yes. Diabetes mellitus may influence the efficacy of FDG-PET in the diagnosis of cervical cancer. Justification: Diabetes mellitus may influence the degree of tumour upt,0.0000
justified_biomistral,fixed,bm25,biomistral,Biomechanical and wound healing characteristics of corneas after excimer laser keratorefractive surgery: is there a difference between advanced surface ablation and sub-Bowman's keratomileusis?,yes,yes,1,1,success, Yes.,0.0000
justified_biomistral,fixed,bm25,biomistral,Does radiotherapy of the primary rectal cancer affect prognosis after pelvic exenteration for recurrent rectal cancer?,yes,yes,1,1,success, Yes. The impact of radiotherapy for the primary rectal cancer on outcomes after pelvic exenteration for local recurrence is significant.,0.0000
justified_biomistral,fixed,bm25,biomistral,Can a practicing surgeon detect early lymphedema reliably?,maybe,yes,0,1,generation_failure, Yes. (The purpose of this study was to determine whether the deformity angular ratio (dar) can reliably assess the neurological risks of patients undergoing deformity correction.),0.0000
justified_biomistral,fixed,bm25,biomistral,Colorectal cancer with synchronous liver metastases: does global management at the same centre improve results?,no,yes,0,1,generation_failure, Yes. The overall survival rate for the 369 patients was 75 % at 5 years and 45 % at 10 years. The overall survival rate for patients who developed bone metastases was 58 %,0.0000
justified_biomistral,fixed,bm25,biomistral,Is motion perception deficit in schizophrenia a consequence of eye-tracking abnormality?,yes,yes,1,1,success, Yes.,0.0000
justified_biomistral,fixed,bm25,biomistral,Transgastric endoscopic splenectomy: is it possible?,yes,yes,1,1,success," Yes. The answer is Yes. The evidence from the context is: [1, 2, 3].",0.0000
justified_biomistral,fixed,bm25,biomistral,It's Fournier's gangrene still dangerous?,yes,yes,1,1,success," Yes. Fournier's gangrene is known to have an impact in the morbidity and despite antibiotics and aggressive debridement, the mortality rate remains high.",0.0000
justified_biomistral,fixed,bm25,biomistral,Is it appropriate to implant kidneys from elderly donors in young recipients?,yes,no,0,1,generation_failure, No. The results of 10 years of evolution on transplanting elderly kidneys into young recipients are presented.,0.0000
justified_biomistral,fixed,bm25,biomistral,Do provider service networks result in lower expenditures compared with HMOs or primary care case management in Florida's Medicaid program?,yes,yes,1,1,success, Yes.,0.0000
justified_biomistral,fixed,bm25,biomistral,Assessment of carotid artery stenosis before coronary artery bypass surgery. Is it always necessary?,no,no,1,1,success, No. [1] Extracranial internal carotid artery stenosis is not a risk factor for perioperative stroke in patients undergoing coronary artery bypass surgery (cab). Although selective and non,0.0000
justified_biomistral,fixed,bm25,biomistral,Should direct mesocolon invasion be included in T4 for the staging of gastric cancer?,maybe,yes,0,1,generation_failure, Yes. Direct mesocolon invasion is a significant prognostic factor for gastric cancer. It should be included in T4.,0.0000
justified_biomistral,fixed,bm25,biomistral,Do Surrogates of Injury Severity Influence the Occurrence of Heterotopic Ossification in Fractures of the Acetabulum?,maybe,yes,0,1,generation_failure, Yes. The occurrence of heterotopic ossification in fractures of the acetabulum is related to the injury severity surrogates.,0.0000
justified_biomistral,fixed,bm25,biomistral,Does pretreatment with statins improve clinical outcome after stroke?,no,yes,0,1,generation_failure, Yes. The unadjusted odds ratio for early discharge to home (versus late discharge or death) was 1.41 (95% ci 0.91 to 2.17) when patients on stat,0.0000
justified_biomistral,fixed,bm25,biomistral,Processing fluency effects: can the content and presentation of participant information sheets influence recruitment and participation for an antenatal intervention?,yes,yes,1,1,success, Yes. The content and presentation of participant information sheets can influence recruitment and participation for an antenatal intervention.,0.0000
justified_biomistral,fixed,bm25,biomistral,Sternal fracture in growing children : A rare and often overlooked fracture?,maybe,yes,0,1,generation_failure," Yes. Because of the rarity of the fracture, it is often overlooked.",0.0000
justified_biomistral,fixed,bm25,biomistral,Is there a correlation between androgens and sexual desire in women?,yes,yes,1,1,success, Yes. [1],0.0000
justified_biomistral,fixed,bm25,biomistral,Does immediate breast reconstruction compromise the delivery of adjuvant chemotherapy?,no,no,1,1,success, No. Immediate breast reconstruction does not compromise the delivery of adjuvant chemotherapy. The study found no association between immediate breast reconstruction and the delivery of adjuvant chemotherapy.,0.0000
justified_biomistral,fixed,bm25,biomistral,Human papillomavirus and pterygium. Is the virus a risk factor?,maybe,no,0,1,generation_failure, No. The study aimed to investigate a large sample of pterygia for the presence of human papillomavirus (HPV) in order to clarify the putative association between pterygia and HPV. The results are incon,0.0000
justified_biomistral,fixed,bm25,biomistral,Can PRISM predict length of PICU stay?,no,yes,0,1,generation_failure, Yes. [2] retrospectively we performed correlation and regression analyses on routinely scored prism data of all consecutive admissions to our level - iii picu from 1994 to 1999 (,0.0000
justified_biomistral,fixed,bm25,biomistral,Can predilatation in transcatheter aortic valve implantation be omitted?,yes,yes,1,1,success, Yes. The aim of the study was to see whether or not balloon predilatation is necessary in transcatheter aortic valve replacement (TAVR). The study found that balloon predilatation is not necessary in,0.0000
justified_biomistral,fixed,bm25,biomistral,Autoerotic asphyxiation: secret pleasure--lethal outcome?,yes,yes,1,1,success, Yes.,0.0000
justified_biomistral,fixed,bm25,biomistral,Major depression and alcohol use disorder in adolescence: Does comorbidity lead to poorer outcomes of depression?,no,yes,0,1,generation_failure, Yes. Comorbid major depression and alcohol use disorder (aud) in adolescents has been shown to be associated with poorer subsequent depression outcomes.,0.0000
justified_biomistral,fixed,bm25,biomistral,Cold preparation use in young children after FDA warnings: do concerns still exist?,yes,yes,1,1,success, Yes.,0.0000
justified_biomistral,fixed,bm25,biomistral,Does a 4 diagram manual enable laypersons to operate the Laryngeal Mask Supreme®?,yes,yes,1,1,success, Yes. The 4 diagram manual enables laypersons to operate the Laryngeal Mask Supreme®. (The manual was designed to enable laypersons to operate the Laryngeal Mask Supreme®.),0.0000
justified_biomistral,fixed,bm25,biomistral,Can we measure mesopic pupil size with the cobalt blue light slit-lamp biomicroscopy method?,no,yes,0,1,generation_failure, Yes. The slit-lamp biomicroscopy method (slbm) can be used to measure mesopic pupil size. The slbm method is a previously described method for measuring pupil diameter.,0.0000
justified_biomistral,fixed,bm25,biomistral,Should circumcision be performed in childhood?,no,yes,0,1,generation_failure, Yes. The answer is Yes because the context states that the aim of the study was to evaluate prepuce development and retractibility in a group of boys. The study also states that the authors point out the value of circumcision and prep,0.0000
justified_biomistral,fixed,bm25,biomistral,Does a colonoscopy after acute diverticulitis affect its management?,no,no,1,1,success, No. The colonoscopy after acute diverticulitis does not affect its management. There were no significant differences in patients' characteristics or survival between those with or without colonoscopy (4±1.9 vs. 4.,0.0000
justified_biomistral,fixed,bm25,biomistral,Do instrumental activities of daily living predict dementia at 1- and 2-year follow-up?,yes,yes,1,1,success, Yes.,0.0000
justified_biomistral,fixed,bm25,biomistral,Does the Simultaneous Use of a Neuroendoscope Influence the Incidence of Ventriculoperitoneal Shunt Infection?,no,yes,0,1,generation_failure, Yes. Justification: The infection rates in the two main groups were calculated and compared. The infection rates in the group in whom an endoscope was used were significantly higher than those in the group in whom an endoscope was not used.,0.0000
justified_biomistral,fixed,bm25,biomistral,"Body perception: do parents, their children, and their children's physicians perceive body image differently?",yes,yes,1,1,success, Yes.,0.0000
justified_biomistral,fixed,bm25,biomistral,Is a specialised training of phonological awareness indicated in every preschool child?,maybe,no,0,1,generation_failure, No.,0.0000
justified_biomistral,fixed,bm25,biomistral,Is there any relationship between streptococcal infection and multiple sclerosis?,yes,yes,1,1,success, Yes.,0.0000
justified_biomistral,fixed,bm25,biomistral,Is the combination with 2-methoxyestradiol able to reduce the dosages of chemotherapeutices in the treatment of human ovarian cancer?,yes,yes,1,1,success, Yes. The combination of 2-methoxyestradiol with chemotherapeutices is able to reduce the dosages of chemotherapeutices in the treatment of human ovarian cancer. Justification: The study investigated whether in,0.0000
justified_biomistral,fixed,bm25,biomistral,Assessing joint line positions by means of the contralateral knee: a new approach for planning knee revision surgery?,yes,yes,1,1,success, Yes. The new approach is to assess joint line positions by means of the contralateral knee. The new approach is to assess joint line positions by means of the contralateral knee. The new approach is to assess joint line positions by means of,0.0000
justified_biomistral,fixed,bm25,biomistral,Does the type of tibial component affect mechanical alignment in unicompartmental knee replacement?,yes,yes,1,1,success, Yes. The type of tibial component affects mechanical alignment in unicompartmental knee replacement. The onlay group had a significantly closer mechanical alignment to neutral than the inlay group.,0.0000
justified_biomistral,fixed,bm25,biomistral,Is tumour expression of VEGF associated with venous invasion and survival in pT3 renal cell carcinoma?,maybe,yes,0,1,generation_failure, Yes. Tumour expression of VEGF is associated with venous invasion in pT3 renal cell carcinoma. Tumour expression of VEGF is associated with survival in pT3 renal cell carcinoma.,0.0000
justified_biomistral,fixed,bm25,biomistral,Injury and poisoning mortality among young men--are there any common factors amenable to prevention?,yes,yes,1,1,success, Yes. The answer is Yes. The justification is that the study found that the major cause of death among young men aged 15 - 39 years in England and Wales was deaths from injury and poisoning.,0.0000
justified_biomistral,fixed,bm25,biomistral,Continuation of pregnancy after antenatal corticosteroid administration: opportunity for rescue?,maybe,yes,0,1,generation_failure, Yes.,0.0000
justified_biomistral,fixed,bm25,biomistral,Does either obesity or OSA severity influence the response of autotitrating CPAP machines in very obese subjects?,yes,yes,1,1,success, Yes. Obesity and OSA severity influence the response of autotitrating CPAP machines in very obese subjects. (The Spearman's rank correlation between obesity and autocpap pressure was significant (p,0.0000
justified_biomistral,fixed,bm25,biomistral,Does the clinical presentation of a prior preterm birth predict risk in a subsequent pregnancy?,yes,no,0,1,generation_failure, No. The clinical presentation of a prior preterm birth does not predict risk in a subsequent pregnancy. The objective of the study was to determine whether risk of recurrent preterm birth differs based on the clinical presentation of a prior spontaneous preterm,0.0000
justified_biomistral,fixed,bm25,biomistral,Is the Distance Worth It?,yes,yes,1,1,success, Yes.,0.0000
justified_biomistral,fixed,bm25,biomistral,Aripiprazole: a new risk factor for pathological gambling?,yes,yes,1,1,success," Yes. The patients involved were schizophrenic or bipolar, mostly young men with a history of addictive disorders and regular gambling prior to the prescription of aripiprazole. For each one of them, the causality",0.0000
justified_biomistral,fixed,bm25,biomistral,Immune suppression by lysosomotropic amines and cyclosporine on T-cell responses to minor and major histocompatibility antigens: does synergy exist?,yes,yes,1,1,success, Yes.,0.0000
justified_biomistral,fixed,bm25,biomistral,Does induction chemotherapy have a role in the management of nasopharyngeal carcinoma?,yes,yes,1,1,success, Yes.,0.0000
justified_biomistral,fixed,bm25,biomistral,Treatment of contralateral hydrocele in neonatal testicular torsion: Is less more?,maybe,yes,0,1,generation_failure, Yes.,0.0000
justified_biomistral,fixed,bm25,biomistral,"Are normally sighted, visually impaired, and blind pedestrians accurate and reliable at making street crossing decisions?",maybe,yes,0,1,generation_failure, Yes. The study found that normally sighted and visually impaired pedestrians were accurate and reliable in their street crossing decision-making ability when using vision plus hearing or vision only (p > 0.05).,0.0000
justified_biomistral,fixed,bm25,biomistral,Is it Crohn's disease?,maybe,no,0,0,retrieval_failure, No. The provided context does not mention Crohn's disease.,0.0000
justified_biomistral,fixed,bm25,biomistral,Is Chaalia/Pan Masala harmful for health?,yes,yes,1,1,success, Yes.,0.0000
justified_biomistral,fixed,bm25,biomistral,Does multi-modal cervical physical therapy improve tinnitus in patients with cervicogenic somatic tinnitus?,yes,yes,1,1,success," Yes. Immediately after treatment, 53% of patients experienced substantial improvement of tinnitus. This effect was maintained in 24% of patients after follow-up at six weeks.",0.0000
justified_biomistral,fixed,bm25,biomistral,Detailed analysis of sputum and systemic inflammation in asthma phenotypes: are paucigranulocytic asthmatics really non-inflammatory?,maybe,no,0,1,generation_failure, No.,0.0000
justified_biomistral,fixed,bm25,biomistral,Is HIV/STD control in Jamaica making a difference?,yes,yes,1,1,success, Yes.,0.0000
justified_biomistral,fixed,bm25,biomistral,Is Panton-Valentine leucocidin associated with the pathogenesis of Staphylococcus aureus bacteraemia in the UK?,maybe,yes,0,1,generation_failure, Yes. The prevalence of pvl-encoding genes among isolates of Staphylococcus aureus from bacteraemic patients in the UK was 10.7% (26/244). ([,0.0000
justified_biomistral,fixed,bm25,biomistral,Are even impaired fasting blood glucose levels preoperatively associated with increased mortality after CABG surgery?,yes,yes,1,1,success, Yes. The study goal was to determine whether pre - operative fasting blood glucose ( fb - glu ) is associated with an increased mortality after coronary artery bypass grafting ( CABG ) surgery.,0.0000
justified_biomistral,fixed,bm25,biomistral,Does positron emission tomography change management in primary rectal cancer?,yes,yes,1,1,success, Yes. Maybe. No.,0.0000
justified_biomistral,fixed,bm25,biomistral,Can you deliver accurate tidal volume by manual resuscitator?,no,yes,0,1,generation_failure," Yes. The volume delivered by two hands was significantly greater than that delivered by one hand. The physical aspects including hand size, volume and grip power had no correlation with the volume delivered.",0.0000
justified_biomistral,fixed,bm25,biomistral,Can increases in the cigarette tax rate be linked to cigarette retail prices?,no,yes,0,1,generation_failure," Yes. The cigarette tax increase in China has resulted in higher tax revenue for the government and lower profits for the tobacco industry, with no increase in the retail price of cigarettes for consumers.",0.0000
justified_biomistral,fixed,bm25,biomistral,Vertical lines in distal esophageal mucosa (VLEM): a true endoscopic manifestation of esophagitis in children?,yes,yes,1,1,success, Yes. The presence of VLEM is a true endoscopic manifestation of esophagitis in children. The specific evidence from the context is that the presence of VLEM is a specific sign of esophagitis in children,0.0000
justified_biomistral,fixed,bm25,biomistral,Does hypoglycaemia increase the risk of cardiovascular events?,yes,yes,1,1,success, Yes. Hypoglycaemia caused by glucose - lowering therapy has been linked to cardiovascular (cv) events. The origin trial provides an opportunity to further assess this relationship.,0.0000
justified_biomistral,fixed,bm25,biomistral,Does the radiographic transition zone correlate with the level of aganglionosis on the specimen in Hirschsprung's disease?,no,no,1,1,success, No. The correlation between radiographic transition zone on contrast enema in hirschsprung ' s disease and the total length of aganglionosis is known to be inaccurate.,0.0000
justified_biomistral,fixed,bm25,biomistral,Is dexamethasone an effective alternative to oral prednisone in the treatment of pediatric asthma exacerbations?,yes,yes,1,1,success, Yes. Dexamethasone is effective in treating pediatric asthma exacerbations.,0.0000
justified_biomistral,fixed,bm25,biomistral,Mammographic screening in Sami speaking municipalities and a control group. Are early outcome measures influenced by ethnicity?,yes,yes,1,1,success, Yes. The attendance rate in the nbcsp was 78% in the Sami and 75% in the non-Sami population (p<0.01). The recall rates were 2.4 and 3,0.0000
justified_biomistral,fixed,bm25,biomistral,Do Electrochemiluminescence Assays Improve Prediction of Time to Type 1 Diabetes in Autoantibody-Positive TrialNet Subjects?,yes,yes,1,1,success, Yes.,0.0000
justified_biomistral,fixed,bm25,biomistral,Assessment of appropriate antimicrobial prescribing: do experts agree?,yes,yes,1,1,success," Yes. The study shows that experts agree on the appropriateness of antimicrobial prescribing. The study also shows that the agreement is not perfect, but it is acceptable. The study shows that the agreement is not perfect, but",0.0000
justified_biomistral,fixed,bm25,biomistral,Is there a favorable subset of patients with prostate cancer who develop oligometastases?,yes,yes,1,0,lucky_guess, Yes. (The answer is based on the provided context.),0.0000
justified_biomistral,fixed,bm25,biomistral,Cycloplegic autorefraction in young adults: is it mandatory?,maybe,yes,0,1,generation_failure, Yes. The purpose of this study was to compare the non - cycloplegic and cycloplegic spherical equivalent ( se ) refractive error measured in young adults.,0.0000
justified_biomistral,fixed,bm25,biomistral,Does screening or surveillance for primary hepatocellular carcinoma with ultrasonography improve the prognosis of patients?,yes,yes,1,1,success, Yes. The purpose of this paper is to evaluate the efficacy of ultrasonographic screening for primary hepatocellular carcinoma.,0.0000
justified_biomistral,fixed,bm25,biomistral,"""Would a man smell a rose then throw it away?",maybe,no,0,0,retrieval_failure, No. He would smell the rose and keep it. (Justification: The man would not throw away something that he already smelled.),0.0000
justified_biomistral,fixed,bm25,biomistral,Department of Transportation vs self-reported data on motor vehicle collisions and driving convictions for stroke survivors: do they agree?,no,no,1,1,success, No. The two sources of data do not agree. The kappa coefficient for the correlation between mto records and self - reports was 0. 52 for collisions and 0. 47 for convictions ( both in the,0.0000
justified_biomistral,fixed,bm25,biomistral,"Neoadjuvant Imatinib in Locally Advanced Gastrointestinal stromal Tumours, Will Kit Mutation Analysis Be a Pathfinder?",yes,no,0,1,generation_failure, No. Longer duration of neoadjuvant imatinib used for locally advanced gastrointestinal stromal tumours is not based on biology of the tumour reflected by kit mutation analysis. The study does not show,0.0000
justified_biomistral,fixed,bm25,biomistral,Does the lipid-lowering peroxisome proliferator-activated receptors ligand bezafibrate prevent colon cancer in patients with coronary artery disease?,yes,yes,1,1,success," Yes. The incidence of colon cancer was lower in patients who received bezafibrate (hazard ratio 0.47, 95% confidence interval 0.2-1.1).",0.0000
justified_biomistral,fixed,bm25,biomistral,Does self-efficacy mediate the relationship between transformational leadership behaviours and healthcare workers' sleep quality?,maybe,no,0,1,generation_failure, No. The relationship between leadership and employees' sleep quality was not mediated by employees' self-efficacy.,0.0000
justified_biomistral,fixed,bm25,biomistral,Does microbial contamination influence the success of the hematopoietic cell transplantation outcomes?,maybe,yes,0,1,generation_failure, Yes.,0.0000
justified_biomistral,fixed,bm25,biomistral,Very high serum CA 19-9 levels: a contraindication to pancreaticoduodenectomy?,no,yes,0,1,generation_failure, Yes. The elevated group had a median survival of 15 months and an overall 3-year survival of 14% versus the control group with a median survival of 22 months and an overall 3-year survival of,0.0000
justified_biomistral,fixed,bm25,biomistral,Perioperative care in an animal model for training in abdominal surgery: is it necessary a preoperative fasting?,no,yes,0,1,generation_failure," Yes. The rabbit may be used in the training of surgery, in addition to present its perioperative care.",0.0000
justified_biomistral,fixed,bm25,biomistral,Are physicians aware of the side effects of angiotensin-converting enzyme inhibitors?,no,yes,0,1,generation_failure," Yes. The side effects of angiotensin-converting enzyme inhibitors (ACEIs) are well known. The most common side effects are cough and angioedema, usually requiring discontinuation.",0.0000
justified_biomistral,fixed,bm25,biomistral,Residual fundus or neofundus after laparoscopic sleeve gastrectomy: is fundectomy safe and effective as revision surgery?,maybe,yes,0,1,generation_failure, Yes. The aim of this retrospective study was to evaluate the safety and efficacy of laparoscopic fundectomy (lf) in cases of a residual fundus/neofundus development regarding GERD,0.0000
justified_biomistral,fixed,bm25,biomistral,Are physician estimates of asthma severity less accurate in black than in white patients?,yes,yes,1,1,success, Yes. Physician estimates of asthma severity are less accurate in black than in white patients. This is because physicians underestimate the severity of asthma in black patients more than in white patients.,0.0000
justified_biomistral,fixed,bm25,biomistral,Does laparoscopic surgery decrease the risk of atrial fibrillation after foregut surgery?,yes,yes,1,1,success, Yes.,0.0000
justified_biomistral,fixed,bm25,biomistral,"The Main Gate Syndrome: a new format in mass-casualty victim ""surge"" management?",yes,yes,1,0,lucky_guess, Yes.,0.0000
justified_biomistral,fixed,bm25,biomistral,Do communication disorders extend to musical messages?,yes,yes,1,1,success, Yes.,0.0000
justified_biomistral,fixed,bm25,biomistral,Do patients with rheumatoid arthritis established on methotrexate and folic acid 5 mg daily need to continue folic acid supplements long term?,yes,no,0,1,generation_failure, No.,0.0000
justified_biomistral,fixed,bm25,biomistral,Can infundibular height predict the clearance of lower pole calyceal stone after extracorporeal shockwave lithotripsy?,yes,yes,1,1,success, Yes. Infundibular height is the only parameter in which significant differences were found between the nr and r groups.,0.0000
justified_biomistral,fixed,bm25,biomistral,Does lung ischemia and reperfusion have an impact on coronary flow?,yes,yes,1,1,success," Yes. [2, 3, 4]",0.0000
justified_biomistral,fixed,bm25,biomistral,Is a patient's self-reported health-related quality of life a prognostic factor for survival in non-small-cell lung cancer patients?,maybe,yes,0,1,generation_failure, Yes. The aim of this prognostic factor analysis was to investigate if a patient's self-reported health-related quality of life provided independent prognostic information for survival in non-small-cell lung cancer patients.,0.0000
justified_biomistral,fixed,bm25,biomistral,Transient tachypnea of the newborn (TTN): a role for polymorphisms in the beta-adrenergic receptor (ADRB) encoding genes?,yes,maybe,0,0,retrieval_failure," Maybe. The ADRB2 gene polymorphism may be associated with TTN. (Citation: [1, 2])",0.0000
justified_biomistral,fixed,bm25,biomistral,Is duration of psychological treatment for depression related to return into treatment?,yes,yes,1,1,success, Yes.,0.0000
justified_biomistral,fixed,bm25,biomistral,Does shaving the incision site increase the infection rate after spinal surgery?,maybe,yes,0,1,generation_failure, Yes. The study in [3] showed that the infection rate in the shaved group was 1.6 times higher than that in the unshaved group.,0.0000
justified_biomistral,fixed,bm25,biomistral,The influence of atmospheric pressure on aortic aneurysm rupture--is the diameter of the aneurysm important?,maybe,no,0,1,generation_failure, No. The diameter of the aneurysm is not important. The diameter of the aneurysm is not important. The diameter of the aneurysm is not important. The diameter of the aneurysm is not important.,0.0000
justified_biomistral,fixed,bm25,biomistral,Do French lay people and health professionals find it acceptable to breach confidentiality to protect a patient's wife from a sexually transmitted disease?,maybe,no,0,1,generation_failure," No. The mean ratings of lay people and psychologists were 11.76 and 9.28, respectively, on a scale of 0-22. The mean rating of physicians was 2.90.",0.0000
justified_biomistral,fixed,bm25,biomistral,Do somatic complaints predict subsequent symptoms of depression?,maybe,yes,0,1,generation_failure," Yes. Evidence suggests substantial comorbidity between symptoms of somatization and depression in clinical as well as nonclinical populations. However, as most existing research has been retrospective or cross - sectional in design, very little",0.0000
justified_biomistral,fixed,bm25,biomistral,Are women with major depression in pregnancy identifiable in population health data?,no,yes,0,1,generation_failure, Yes. The study found that the prevalence of major depression in pregnant women was around 16 % using data linkage.,0.0000
justified_biomistral,fixed,bm25,biomistral,Remote ischemic postconditioning: does it protect against ischemic damage in percutaneous coronary revascularization?,yes,yes,1,1,success," Yes. Remote postischemic conditioning reduces the myocardial lesions that are associated with percutaneous coronary intervention, but perhaps less so in diabetics.",0.0000
justified_biomistral,fixed,bm25,biomistral,Does combining antiretroviral agents in a single dosage form enhance quality of life of HIV/AIDS patients?,no,yes,0,1,generation_failure," Yes. Combining antiretroviral agents in a single dosage form enhances quality of life of HIV/AIDS patients. The mean utility gained by using fxd over frc was 0.085; however, this",0.0000
justified_biomistral,fixed,bm25,biomistral,The inverse equity hypothesis: does it apply to coverage of cancer screening in middle-income countries?,yes,yes,1,1,success," Yes. Economic inequalities in screening participation were substantially lower or non-existent in countries with higher aggregate coverage, for both breast cancer screening and cervical cancer screening.",0.0000
justified_biomistral,fixed,bm25,biomistral,Identification of racial disparities in breast cancer mortality: does scale matter?,yes,yes,1,1,success, Yes. The scale matters. The census tract data is the most sensitive to detect racial disparities in breast cancer mortality.,0.0000
justified_biomistral,fixed,bm25,biomistral,Does the leukocyte count correlate with the severity of injury?,yes,yes,1,1,success," Yes. The leukocyte count correlates with the severity of injury. The leukocyte count is an easy, quick and objective test. The leukocyte count is an easy, quick and objective test. The leuk",0.0000
justified_biomistral,fixed,bm25,biomistral,Can transcranial direct current stimulation be useful in differentiating unresponsive wakefulness syndrome from minimally conscious state patients?,yes,yes,1,1,success," Yes. The study enrolled 25 severe doc patients, following post - anoxic or traumatic brain injury and 20 healthy individuals ( hc ) as control group. Baseline electrophysiological evaluation evidenced,",0.0000
justified_biomistral,fixed,bm25,biomistral,Aromatase inhibitor-related musculoskeletal symptoms: is preventing osteoporosis the key to eliminating these symptoms?,yes,yes,1,1,success, Yes. The study shows that patients receiving aromatase inhibitors (AIs) who also received calcium and bisphosphonates (Ca/Bis) had fewer patients with musculoskeletal symptoms and fewer bone fract,0.0000
justified_biomistral,fixed,bm25,biomistral,Could different follow-up modalities play a role in the diagnosis of asymptomatic endometrial cancer relapses?,maybe,yes,0,1,generation_failure, Yes. The study by Kahn et al.  suggests that different follow-up modalities could play a role in the diagnosis of asymptomatic endometrial cancer relapses. The study found that the use of different follow-up modal,0.0000
justified_biomistral,fixed,bm25,biomistral,Locoregional opening of the rodent blood-brain barrier for paclitaxel using Nd:YAG laser-induced thermo therapy: a new concept of adjuvant glioma therapy?,yes,yes,1,1,success, Yes. The study shows that the opening of the blood-brain barrier by Nd:YAG laser-induced thermo therapy allows the passage of paclitaxel into brain tissue.,0.0000
justified_biomistral,fixed,bm25,biomistral,Preoperative tracheobronchoscopy in newborns with esophageal atresia: does it matter?,yes,yes,1,1,success, Yes.,0.0000
justified_biomistral,fixed,bm25,biomistral,Is horizontal semicircular canal ocular reflex influenced by otolith organs input?,yes,yes,1,1,success, Yes. The horizontal semicircular canal ocular reflex is influenced by otolith organs input.,0.0000
justified_biomistral,fixed,bm25,biomistral,Is perforation of the appendix a risk factor for tubal infertility and ectopic pregnancy?,maybe,no,0,1,generation_failure, No. The evidence is weakened by recall bias and poor adjustment for confounding variables in some reports.,0.0000
justified_biomistral,fixed,bm25,biomistral,Serovar specific immunity to Neisseria gonorrhoeae: does it exist?,no,yes,0,1,generation_failure, Yes. [1],0.0000
justified_biomistral,fixed,bm25,biomistral,May student examiners be reasonable substitute examiners for faculty in an undergraduate OSCE on medical emergencies?,yes,yes,1,1,success, Yes.,0.0000
justified_biomistral,fixed,bm25,biomistral,Are endothelial cell patterns of astrocytomas indicative of grade?,yes,yes,1,1,success, Yes.,0.0000
justified_biomistral,fixed,bm25,biomistral,Do healthier lifestyles lead to less utilization of healthcare resources?,no,yes,0,1,generation_failure," Yes. Healthier lifestyles lead to less utilization of healthcare resources. The study in context [1] found that healthier lifestyles, such as not smoking, exercising, and consuming alcohol, were associated with fewer outpatient",0.0000
justified_biomistral,fixed,bm25,biomistral,Antral follicle assessment as a tool for predicting outcome in IVF--is it a better predictor than age and FSH?,maybe,yes,0,1,generation_failure, Yes. The clinical pregnancy rate was significantly higher in the group with baseline antral follicle > 6 compared to that in the group with antral follicle < or = 6 ( 51 % vs. 1,0.0000
justified_biomistral,fixed,bm25,biomistral,Do all ethnic groups in New Zealand exhibit socio-economic mortality gradients?,yes,yes,1,1,success, Yes. All four ethnic groups in New Zealand exhibit socio-economic mortality gradients.,0.0000
justified_biomistral,fixed,bm25,biomistral,Can normal knee kinematics be restored with unicompartmental knee replacement?,no,yes,0,1,generation_failure," Yes. The knee kinematics after unicompartmental replacement may also be unchanged. To test this hypothesis, knee kinematics and quadriceps tension were recorded before and after replacement with a unicompartmental design",0.0000
justified_biomistral,fixed,bm25,biomistral,Are serum leptin levels a prognostic factor in advanced lung cancer?,no,no,1,1,success," No. The serum leptin levels at diagnosis were significantly lower in lung cancer patients than those in control subjects. We did not find any significant difference in leptin values related to clinicopathological parameters such as ecog ps, weight loss",0.0000
justified_biomistral,fixed,bm25,biomistral,Is fetal gender associated with emergency department visits for asthma during pregnancy?,no,no,1,1,success," No. The evidence from [1, 2, 3] shows that fetal gender is not associated with emergency department visits for asthma during pregnancy.",0.0000
justified_biomistral,fixed,bm25,biomistral,Stretch-sensitive KCNQ1 mutation A link between genetic and environmental factors in the pathogenesis of atrial fibrillation?,yes,yes,1,1,success, Yes. The mutation r14c in the KCNQ1 gene is stretch-sensitive and is associated with atrial fibrillation.,0.0000
justified_biomistral,fixed,bm25,biomistral,Are adult body circumferences associated with height?,yes,yes,1,1,success, Yes.,0.0000
justified_biomistral,fixed,bm25,biomistral,Would corrected QT dispersion predict left ventricular hypertrophy in hypertensive patients?,yes,yes,1,1,success," Yes. The study group had significantly greater indices of left ventricular dysfunction and QT dispersion compared with controls (p < 0.001 for all). Similarly, among hypertensive patients, those with left ventricular",0.0000
justified_biomistral,fixed,bm25,biomistral,Traumatic aortic injury: does the anatomy of the aortic arch influence aortic trauma severity?,yes,yes,1,1,success, Yes. The anatomy of the aortic arch influences the severity of aortic trauma. The aortic arch angle was significantly associated with the occurrence of type III damage.,0.0000
justified_biomistral,fixed,bm25,biomistral,Inpatient versus outpatient management of neutropenic fever in gynecologic oncology patients: is risk stratification useful?,yes,yes,1,1,success, Yes.,0.0000
justified_biomistral,fixed,bm25,biomistral,Should chest wall irradiation be included after mastectomy and negative node breast cancer?,maybe,yes,0,1,generation_failure, Yes.,0.0000
justified_biomistral,fixed,bm25,biomistral,Can bisphosphonate treatment be stopped in a growing child with skeletal fragility?,maybe,yes,0,1,generation_failure, Yes.,0.0000
justified_biomistral,fixed,bm25,biomistral,"Regional anesthesia as compared with general anesthesia for surgery in geriatric patients with hip fracture: does it decrease morbidity, mortality, and health care costs?",no,yes,0,1,generation_failure, Yes. Regional anesthesia is associated with lower in-hospital mortality and lower health care costs.,0.0000
justified_biomistral,fixed,bm25,biomistral,Does blood pressure change in treated hypertensive patients depending on whether it is measured by a physician or a nurse?,yes,yes,1,1,success, Yes.,0.0000
justified_biomistral,fixed,bm25,biomistral,Treadmill testing of children who have spina bifida and are ambulatory: does peak oxygen uptake reflect maximum oxygen uptake?,yes,yes,1,1,success, Yes. The aim of this study was to determine whether the vo ( 2 ) peak measured during an incremental treadmill test is a true reflection of the maximum oxygen uptake ( (. ) vo ( 2 ) max ) in,0.0000
justified_biomistral,fixed,bm25,biomistral,Is the probability of prenatal diagnosis or termination of pregnancy different for fetuses with congenital anomalies conceived following assisted reproductive techniques?,no,no,1,1,success, No. The probability of prenatal diagnosis and termination of pregnancy for fetal anomaly were not statistically different between art-conceived and spontaneously conceived fetuses.,0.0000
justified_biomistral,fixed,bm25,biomistral,Is there a relationship between complex fractionated atrial electrograms recorded during atrial fibrillation and sinus rhythm fractionation?,no,maybe,0,1,generation_failure," Maybe. [1] states that the relationship of cfaes with srf is unclear. [5] states that the overlap in left atrial regions with cfaes and srf was compared in the af population, and the distribution of",0.0000
justified_biomistral,fixed,bm25,biomistral,Does rural or urban residence make a difference to neonatal outcome in premature birth?,yes,yes,1,1,success, Yes.,0.0000
justified_biomistral,fixed,bm25,biomistral,Is the use of cyanoacrylate in intestinal anastomosis a good and reliable alternative?,yes,yes,1,1,success, Yes. The use of cyanoacrylate in intestinal anastomosis is a good and reliable alternative. The bursting pressures and hydroxyproline levels in group l (cyanoacrylate) were not significantly different,0.0000
justified_biomistral,fixed,bm25,biomistral,Is trabecular bone related to primary stability of miniscrews?,yes,yes,1,1,success, Yes. The primary stability of miniscrews inserted into bone blocks of different bone mineral densities (bmds) with and without cortical bone was compared. Intergroup comparison showed lower levels of primary stability when the bmd of trabec,0.0000
justified_biomistral,fixed,bm25,biomistral,"Is there any evidence of a ""July effect"" in patients undergoing major cancer surgery?",no,no,1,1,success, No. The time of surgery was not an independent predictor of postoperative complications or in - hospital mortality after major cancer surgery.,0.0000
justified_biomistral,fixed,bm25,biomistral,Is it necessary to insert a nasobiliary drainage tube routinely after endoscopic clearance of the common bile duct in patients with choledocholithiasis-induced cholangitis?,no,no,1,1,success, No.,0.0000
justified_biomistral,fixed,bm25,biomistral,Storage of vaccines in the community: weak link in the cold chain?,maybe,yes,0,1,generation_failure, Yes. The evidence shows that vaccines are exposed to temperatures below 2 degrees C and up to 16 degrees C. This is a weak link in the cold chain.,0.0000
justified_biomistral,fixed,bm25,biomistral,Is the clinically positive axilla in breast cancer really a contraindication to sentinel lymph node biopsy?,no,no,1,1,success," No. Clinically positive axilla in breast cancer is not a contraindication to sentinel lymph node biopsy. In fact, data from the era of axillary lymph node dissection suggest that clinical examination",0.0000
justified_biomistral,fixed,bm25,biomistral,Convulsions and retinal haemorrhage: should we look further?,yes,yes,1,1,success," Yes. The prevalence of retinal haemorrhages after convulsions is not well established. As these haemorrhages are considered characteristic of child abuse, we investigated their occurrence after convulsive episodes to see whether the",0.0000
justified_biomistral,fixed,bm25,biomistral,Are patients willing participants in the new wave of community-based medical education in regional and rural Australia?,yes,yes,1,1,success, Yes. Patients are willing participants in the new wave of community-based medical education in regional and rural Australia.,0.0000
justified_biomistral,fixed,bm25,biomistral,Can Flexible Instruments Create Adequate Femoral Tunnel Lengths at 90° of Knee Flexion in Anterior Cruciate Ligament Reconstruction?,yes,yes,1,1,success," Yes. The mean intra-osseous length for 70° flexion was 25.2 mm (20 mm to 32 mm), which was statistically significant when compared to mean intra-osseous",0.0000
justified_biomistral,fixed,bm25,biomistral,Quality of life in lung cancer patients: does socioeconomic status matter?,yes,yes,1,1,success," Yes. Justification: The study found that patients of lower socioeconomic status had more health problems, less functioning, and more symptoms as compared to affluent patients.",0.0000
justified_biomistral,fixed,bm25,biomistral,Are Biochemical Markers of Bone Turnover Representative of Bone Histomorphometry in 370 Postmenopausal Women?,maybe,no,0,1,generation_failure, No. The static and dynamic parameters of formation and bone resorption were measured by histomorphometry. Serum biochemical markers of formation (bone alkaline phosphatase [ALP]; procollagen type I N,0.0000
justified_biomistral,fixed,bm25,biomistral,Should early extubation be the goal for children after congenital cardiac surgery?,yes,yes,1,1,success, Yes. Early extubation was associated with lower mortality and a lower rate of reintubation compared with delayed extubation.,0.0000
justified_biomistral,fixed,bm25,biomistral,Does delivery mode affect women's postpartum quality of life in rural China?,no,yes,0,1,generation_failure, Yes. The impact of delivery mode on postnatal quality of life remains unclear.,0.0000
justified_biomistral,fixed,bm25,biomistral,Menopausal hormone therapy and irregular endometrial bleeding: a potential role for uterine natural killer cells?,yes,yes,1,1,success, Yes. The relationship between endometrial uterine natural killer (unk) cells and bleeding patterns was measured. The highest level of il - 15 expression was seen in biopsies taken during bleeding. No clear relationship between killer ig like,0.0000
justified_biomistral,fixed,bm25,biomistral,Percutaneous ethanol injection for benign cystic thyroid nodules: is aspiration of ethanol-mixed fluid advantageous?,no,no,1,1,success, No. The complete disappearance of the cystic portion of the thyroid nodule was not different between the aspiration and nonaspiration groups. There was no statistical difference in the success rates between the 2 groups (p >. ,0.0000
justified_biomistral,fixed,bm25,biomistral,Can the growth rate of a gallbladder polyp predict a neoplastic polyp?,no,no,1,1,success," No. On multivariate analysis, however, the growth rate was not related to the neoplastic nature of a polyp, but older age ( > 60 y ) and large size ( > 10 mm ) were significantly",0.0000
justified_biomistral,fixed,bm25,biomistral,Are performance measurement systems useful?,yes,yes,1,1,success, Yes. Performance measurement systems are useful because they are crucial in addressing improved processes of care.,0.0000
justified_biomistral,fixed,bm25,biomistral,Does para-cervical block offer additional advantages in abortion induction with gemeprost in the 2nd trimester?,yes,yes,1,1,success, Yes. The para-cervical block offers additional advantages in abortion induction with gemeprost in the 2nd trimester. The intervals from the last application of prostaglandin until abortion and from 3 cm cervical,0.0000
justified_biomistral,fixed,bm25,biomistral,Does insulin resistance drive the association between hyperglycemia and cardiovascular risk?,yes,no,0,1,generation_failure, No. Insulin sensitivity is associated with lower Framingham risk score. Adjusting for insulin sensitivity makes the association between glucose levels and Framingham risk score non-significant.,0.0000
justified_biomistral,fixed,bm25,biomistral,Are there risk factors that increase the rate of staple line leakage in patients undergoing primary sleeve gastrectomy for morbid obesity?,yes,yes,1,1,success," Yes. Male gender, higher bmi, concomitant sleep apnea, conversion to laparotomy, longer operation time, use of both buttresses and oversewing, and the occurrence of intraoperative complications were",0.0000
justified_biomistral,fixed,bm25,biomistral,Chronic functional somatic symptoms: a single syndrome?,no,no,1,1,success, No.,0.0000
justified_biomistral,fixed,bm25,biomistral,"Actinobaculum schaalii, a cause of urinary tract infections in children?",maybe,yes,0,1,generation_failure," Yes. [1] In 5 of the 29 screened urines, a. schaalii was found only by real - time pcr in quantities equivalent to ≥ 10 ( 4 ) - 10 (",0.0000
justified_biomistral,fixed,bm25,biomistral,Prevalence of chronic conditions among Medicare Part A beneficiaries in 2008 and 2010: are Medicare beneficiaries getting sicker?,yes,yes,1,1,success, Yes. The prevalence of chronic conditions among Medicare Part A beneficiaries increased from 2008 to 2010.,0.0000
justified_biomistral,fixed,bm25,biomistral,Does successful completion of the Perinatal Education Programme result in improved obstetric practice?,no,no,1,1,success, No.,0.0000
justified_biomistral,fixed,bm25,biomistral,Do patients with localized prostate cancer treatment really want more aggressive treatment?,no,no,1,1,success, No. The patients who wanted to choose their own treatment (n=119) are described here. 119 out of 150 patients wanted to choose their own treatment. This means that 36% of patients did,0.0000
justified_biomistral,fixed,bm25,biomistral,Does music influence stress in mechanically ventilated patients?,no,yes,0,1,generation_failure, Yes. Music influences stress in mechanically ventilated patients. The justification is that the study in [2] found that music listening was associated with lower cortisol levels compared to headphones only and usual care.,0.0000
justified_biomistral,fixed,bm25,biomistral,Does reducing spasticity translate into functional benefit?,yes,yes,1,1,success, Yes.,0.0000
justified_biomistral,fixed,bm25,biomistral,Is the holmium:YAG laser the best intracorporeal lithotripter for the ureter?,yes,yes,1,1,success, Yes. The holmium:YAG laser is the best intracorporeal lithotripter for the ureter. The holmium:YAG laser is the best intracorporeal lithotripter,0.0000
justified_biomistral,fixed,bm25,biomistral,Metered-dose inhalers. Do health care providers know what to teach?,no,yes,0,1,generation_failure, Yes. Health care providers are less proficient in the proper use of metered-dose inhalers.,0.0000
justified_biomistral,fixed,bm25,biomistral,Does the bracket-ligature combination affect the amount of orthodontic space closure over three months?,no,yes,0,1,generation_failure, Yes. The amount of space closure was very similar between the three groups (1 mm per 28 days) but there was a wide variation in the rate of space closure between individuals. The differences in the amount of space closure over three months between,0.0000
justified_biomistral,fixed,bm25,biomistral,Health habits and vaccination status of Lebanese residents: are future doctors applying the rules of prevention?,no,yes,0,1,generation_failure, Yes. The study evaluated the health practices and the vaccination status of first year residents working at the academic hospital Hotel - Dieu de France. The study showed that 90.83% of the residents had full immunization against he,0.0000
justified_biomistral,fixed,bm25,biomistral,Does vaginal intraepithelial neoplasia have the same evolution as cervical intraepithelial neoplasia?,maybe,no,0,1,generation_failure, No.,0.0000
justified_biomistral,fixed,bm25,biomistral,Should general practitioners call patients by their first names?,yes,yes,1,1,success, Yes.,0.0000
justified_biomistral,fixed,bm25,biomistral,Transesophageal echocardiographic assessment of left ventricular function in brain-dead patients: are marginally acceptable hearts suitable for transplantation?,yes,yes,1,1,success, Yes. Maybe. Maybe. Maybe. Maybe. Maybe. Maybe. Maybe. Maybe. Maybe. Maybe. Maybe. Maybe. Maybe. Maybe. Maybe. Maybe. Maybe. Maybe. Maybe. Maybe. Maybe. Maybe. Maybe. Maybe.,0.0000
justified_biomistral,fixed,bm25,biomistral,Attenuation of ischemia/reperfusion-induced ovarian damage in rats: does edaravone offer protection?,yes,yes,1,1,success," Yes. [1, 5]",0.0000
justified_biomistral,fixed,bm25,biomistral,Does the National Institutes of Health Stroke Scale favor left hemisphere strokes?,yes,no,0,1,generation_failure, No. The volume of stroke was determined by computerized image analysis of ct films and ct images stored on computer tape and optical disks. Cube-root transformation of lesion volume was performed for each ct. Transformed lesion,0.0000
justified_biomistral,fixed,bm25,biomistral,Can a Novel Surgical Approach to the Temporomandibular Joint Improve Access and Reduce Complications?,yes,yes,1,1,success, Yes. The vascular - guided multilayer preauricular approach ( vmpa ) to the temporomandibular joint ( tmj ) can improve access and decrease complications. (1) The vmpa is a surgical,0.0000
justified_biomistral,fixed,bm25,biomistral,"Young-Burgess classification of pelvic ring fractures: does it predict mortality, transfusion requirements, and non-orthopaedic injuries?",maybe,yes,0,1,generation_failure," Yes. The Young-Burgess classification system differentiated transfusion requirements and head, chest, or abdomen injuries. Dividing fractures into stable and unstable types allowed the system to predict mortality rates.",0.0000
justified_biomistral,fixed,bm25,biomistral,Is vitamin D deficiency a feature of pediatric celiac disease?,no,yes,0,1,generation_failure," Yes. Justification: ""vitamin d deficiency has been described in autoimmune diseases, but its status in prepubertal children with cd has not been adequately studied."" [1]",0.0000
justified_biomistral,fixed,bm25,biomistral,Is unsafe sexual behaviour increasing among HIV-infected individuals?,no,no,1,1,success, No. There is no evidence of an increase in reported unsafe sex over time in this population.,0.0000
justified_biomistral,fixed,bm25,biomistral,Cholestasis associated with small bowel atresia: do we always need to investigate?,no,yes,0,1,generation_failure," Yes. Cholestasis is often attributed to prolonged parental nutrition. However, it is important to investigate the cause of cholestasis in patients with small bowel atresia.",0.0000
justified_biomistral,fixed,bm25,biomistral,Are financial incentives cost-effective to support smoking cessation during pregnancy?,yes,yes,1,1,success, Yes. The incremental cost per quitter at 34 - 38 weeks pregnant was £1127 ( $ 1716 ). This is similar to the standard look - up value derived from Stapleton & West,0.0000
justified_biomistral,fixed,bm25,biomistral,Can medical students contribute to quality assurance programmes in day surgery?,yes,yes,1,1,success," Yes. Justification: ""students made a number of recommendations including the development of multilingual videotapes and patient information sheets for non - english speaking patients, avoidance of bilateral surgical procedures and improved links with local medical officers",0.0000
justified_biomistral,fixed,bm25,biomistral,Measurement of head and neck paragangliomas: is volumetric analysis worth the effort?,yes,yes,1,1,success," Yes. The aim of this study was to assess the reproducibility of different measurement methods and define the most workable technique for measuring head and neck paragangliomas, to determine the best method for evaluating tumour growth. The",0.0000
justified_biomistral,fixed,bm25,biomistral,Three-dimensional ultrasound-validated large-core needle biopsy: is it a reliable method for the histological assessment of breast lesions?,yes,yes,1,1,success," Yes. The use of three-dimensional ultrasound may help to determine the exact position of the needle during breast biopsy, thereby reducing the number of core samples that are needed to achieve a reliable histological diagnosis.",0.0000
justified_biomistral,fixed,bm25,biomistral,Can bone thickness and inter-radicular space affect miniscrew placement in posterior mandibular sites?,no,yes,0,1,generation_failure, Yes.,0.0000
justified_biomistral,fixed,bm25,biomistral,Do general practice selection scores predict success at MRCGP?,yes,yes,1,1,success, Yes. Justification: Selection scores are significantly correlated with the applied knowledge test (akt) and clinical skills assessment (csa) scores.,0.0000
justified_biomistral,fixed,bm25,biomistral,The Deformity Angular Ratio: Does It Correlate With High-Risk Cases for Potential Spinal Cord Monitoring Alerts in Pediatric 3-Column Thoracic Spinal Deformity Corrective Surgery?,yes,yes,1,1,success, Yes. The deformity angular ratio (dar) is a measure of curve magnitude per level of deformity. It is a quantitative measure of the severity of the deformity. It is a better predictor of neurological,0.0000
justified_biomistral,fixed,bm25,biomistral,Does age moderate the effect of personality disorder on coping style in psychiatric inpatients?,yes,no,0,1,generation_failure, No. The study found that age was not a significant predictor of coping style.,0.0000
justified_biomistral,fixed,bm25,biomistral,Autoxidation products of both carbohydrates and lipids are increased in uremic plasma: is there oxidative stress in uremia?,yes,yes,1,1,success, Yes.,0.0000
justified_biomistral,fixed,bm25,biomistral,Can 'high-risk' human papillomaviruses (HPVs) be detected in human breast milk?,no,no,1,1,success, No. HPVs were not detected in human breast milk. (1),0.0000
justified_biomistral,fixed,bm25,biomistral,Quaternary cytoreductive surgery in ovarian cancer: does surgical effort still matter?,yes,yes,1,1,success," Yes. Despite surgical refinements, perioperative use of tracheobronchoscopy as part of surgical approach to esophageal atresia is still controversial. The purpose of this study was to evaluate the influence of",0.0000
justified_biomistral,fixed,bm25,biomistral,Chemotherapy and survival in advanced non-small cell lung carcinoma: is pneumologists' skepticism justified?,no,yes,0,1,generation_failure, Yes. The objective of the study was to analyze prognostic factors related to survival and to see whether cytostatic treatment was an independent predictor. The study found that chemotherapy was an independent predictor of survival.,0.0000
justified_biomistral,fixed,bm25,biomistral,Does topical ropivacaine reduce the post-tonsillectomy morbidity in pediatric patients?,yes,yes,1,1,success, Yes. The post-tonsillectomy morbidity in pediatric patients was reduced by topical ropivacaine. Justification: The first hour there was no significant pain - relieving effect seen in the ropivac,0.0000
justified_biomistral,fixed,bm25,biomistral,Is pain a clinically relevant problem in general adult psychiatry?,yes,yes,1,1,success, Yes.,0.0000
justified_biomistral,fixed,bm25,biomistral,Does concomitant anterior/apical repair during midurethral sling improve the overactive bladder component of mixed incontinence?,no,yes,0,1,generation_failure," Yes. Concomitant anterior/apical repair during midurethral sling improves the overactive bladder component of mixed incontinence. (Context: [1, 2])",0.0000
justified_biomistral,fixed,bm25,biomistral,Does the use of atypical antipsychotics as adjunctive therapy in depression result in cost savings?,no,yes,0,1,generation_failure, Yes. The use of atypical antipsychotics as adjunctive therapy in depression results in cost savings. The cost savings are due to the reduced number of hospital admissions.,0.0000
justified_biomistral,fixed,bm25,biomistral,Can patients be anticoagulated after intracerebral hemorrhage?,maybe,no,0,1,generation_failure," No. warfarin increases both the likelihood and the mortality of intracerebral hemorrhage (ich), particularly in patients with a history of prior ich.",0.0000
justified_biomistral,fixed,bm25,biomistral,Diagnostic and therapeutic ureteroscopy: is dilatation of ureteral meatus always necessary?,no,no,1,1,success, No.,0.0000
justified_biomistral,fixed,bm25,biomistral,Does managed care enable more low income persons to identify a usual source of care?,maybe,yes,0,1,generation_failure, Yes. [1 (1)].,0.0000
justified_biomistral,fixed,bm25,biomistral,"Knee extensor strength, dynamic stability, and functional ambulation: are they related in Parkinson's disease?",yes,yes,1,1,success, Yes. Knee extensor strength positively correlated with dynamic stability and negatively correlated with disease severity. Dynamic stability was negatively correlated to disease severity and positively correlated with functional ambulation in this coh,0.0000
justified_biomistral,fixed,bm25,biomistral,"Is distance to provider a barrier to care for medicaid patients with breast, colorectal, or lung cancer?",no,yes,0,1,generation_failure, Yes.,0.0000
justified_biomistral,fixed,bm25,biomistral,Can folic acid protect against congenital heart defects in Down syndrome?,no,yes,0,1,generation_failure, Yes.,0.0000
justified_biomistral,fixed,bm25,biomistral,Are there mental health differences between francophone and non-francophone populations in manitoba?,maybe,yes,0,1,generation_failure, Yes.,0.0000
justified_biomistral,fixed,bm25,biomistral,Does type 1 diabetes mellitus affect Achilles tendon response to a 10 km run?,no,no,1,1,success, No. The answer is no. The reason is that there was no difference in the response to load between the type 1 diabetes mellitus and control groups.,0.0000
justified_biomistral,fixed,bm25,biomistral,Fragility of the esophageal mucosa: a pathognomonic endoscopic sign of primary eosinophilic esophagitis?,yes,yes,1,1,success," Yes. The term "" crepe - paper "" mucosa is introduced to describe the endoscopic appearance of the esophageal mucosa in primary eosinophilic esophagitis. The endoscopic",0.0000
justified_biomistral,fixed,bm25,biomistral,Does cup-cage reconstruction with oversized cups provide initial stability in THA for osteoporotic acetabular fractures?,yes,yes,1,1,success," Yes. [2, 3, 5]",0.0000
justified_biomistral,fixed,bm25,biomistral,Pulmonary valve replacement in adults late after repair of tetralogy of fallot: are we operating too late?,yes,yes,1,1,success, Yes. The study shows that right ventricular volume and function improve after pulmonary valve replacement in adults late after repair of tetralogy of fallot. The study also addresses the issue of optimal surgical timing in these patients.,0.0000
justified_biomistral,fixed,bm25,biomistral,Xanthogranulomatous cholecystitis: a premalignant condition?,no,no,1,1,success," No. The p53 mutation was positive in 52% of gallbladder carcinoma cases and 3% of xanthogranulomatous cholecystitis, but was not expressed in chronic ch",0.0000
justified_biomistral,fixed,bm25,biomistral,Does TDP-43 type confer a distinct pattern of atrophy in frontotemporal lobar degeneration?,yes,yes,1,1,success, Yes.,0.0000
justified_biomistral,fixed,bm25,biomistral,Is oncoplastic surgery a contraindication for accelerated partial breast radiation using the interstitial multicatheter brachytherapy method?,maybe,yes,0,1,generation_failure, Yes. The context states that oncoplastic surgery is a contraindication for accelerated partial breast radiation using the interstitial multicatheter brachytherapy method. The context also states that oncoplastic,0.0000
justified_biomistral,fixed,bm25,biomistral,"Diagnostic characteristics of child bipolar I disorder: does the ""Treatment of Early Age Mania (team)"" sample generalize?",yes,no,0,1,generation_failure, No. The samples are not representative of each other.,0.0000
justified_biomistral,fixed,bm25,biomistral,Estimation of basal metabolic rate in Chinese: are the current prediction equations applicable?,yes,no,0,1,generation_failure, No. The prediction equations developed for this group of interest are not applicable.,0.0000
justified_biomistral,fixed,bm25,biomistral,Does rugby headgear prevent concussion?,maybe,no,0,1,generation_failure," No. The players tended to believe that the headgear could prevent concussion, but the coaches were less convinced. Despite the players' belief that headgear offers protection against concussion, only a minority reported wearing headgear",0.0000
justified_biomistral,fixed,bm25,biomistral,Spinal subdural hematoma: a sequela of a ruptured intracranial aneurysm?,yes,yes,1,1,success, Yes. The case of spinal subdural hematoma following subarachnoid hemorrhage because of a ruptured internal carotid aneurysm is described. Such a case has never been reported.,0.0000
justified_biomistral,fixed,bm25,biomistral,Can shape analysis differentiate free-floating internal carotid artery thrombus from atherosclerotic plaque in patients evaluated with CTA for stroke or transient ischemic attack?,yes,yes,1,1,success, Yes.,0.0000
justified_biomistral,fixed,bm25,biomistral,Dementia and aphasia in motor neuron disease: an underrecognised association?,yes,yes,1,1,success, Yes.,0.0000
justified_biomistral,fixed,bm25,biomistral,Does solid culture for tuberculosis influence clinical decision making in India?,maybe,yes,0,1,generation_failure, Yes.,0.0000
justified_biomistral,fixed,bm25,biomistral,Diffusion-weighted echo-planar MR imaging of primary parotid gland tumors: is a prediction of different histologic subtypes possible?,yes,yes,1,1,success," Yes. The adc values of pleomorphic adenomas were significantly higher than those of all other entities, except for myoepithelial adenomas (p =. 054).",0.0000
justified_biomistral,fixed,bm25,biomistral,Is there a role for endothelin-1 in the hemodynamic changes during hemodialysis?,maybe,yes,0,1,generation_failure, Yes.,0.0000
justified_biomistral,fixed,bm25,biomistral,Do risk factors for suicidal behavior differ by affective disorder polarity?,no,yes,0,1,generation_failure, Yes.,0.0000
justified_biomistral,fixed,bm25,biomistral,Multidisciplinary breast cancer clinics. Do they work?,yes,yes,1,1,success," Yes. The multidisciplinary breast cancer clinic ( mdbcc ) was developed to offer "" one - stop shopping "" consultation and support for newly diagnosed breast cancer patients. This is a good thing to do.",0.0000
justified_biomistral,fixed,bm25,biomistral,Is the international normalised ratio (INR) reliable?,maybe,yes,0,1,generation_failure," Yes. The INR is reliable. The INR is reliable in general practice as well as in hospital laboratories. ([2], [3])",0.0000
justified_biomistral,fixed,bm25,biomistral,"Are there associations of health status, disease activity and damage in SLE patients?",yes,yes,1,1,success, Yes.,0.0000
justified_biomistral,fixed,bm25,biomistral,PSA repeatedly fluctuating levels are reassuring enough to avoid biopsy?,no,no,1,1,success, No. The study shows that PSA repeatedly fluctuating levels are not reassuring enough to avoid biopsy. The study shows that PSA repeatedly fluctuating levels are not reassuring enough to avoid biopsy. The study shows that,0.0000
justified_biomistral,fixed,bm25,biomistral,Is zero central line-associated bloodstream infection rate sustainable?,yes,yes,1,1,success, Yes. [2],0.0000
justified_biomistral,fixed,bm25,biomistral,"Is gastric electrical stimulation superior to standard pharmacologic therapy in improving GI symptoms, healthcare resources, and long-term health care benefits?",yes,yes,1,1,success," Yes. Gastric electrical stimulation is superior to standard pharmacologic therapy in improving GI symptoms, healthcare resources, and long-term health care benefits.",0.0000
justified_biomistral,fixed,bm25,biomistral,Should pulp chamber pulpotomy be seen as a permanent treatment?,no,no,1,0,lucky_guess, No.,0.0000
justified_biomistral,fixed,bm25,biomistral,Does transverse apex coincide with coronal apex levels (regional or global) in adolescent idiopathic scoliosis?,no,no,1,1,success, No.,0.0000
justified_biomistral,fixed,bm25,biomistral,Does the Child Health Computing System adequately identify children with cerebral palsy?,no,yes,0,1,generation_failure, Yes. (The sample comprised children with cerebral palsy aged 5 - 9 years.),0.0000
justified_biomistral,fixed,bm25,biomistral,Are we seeing the effects of public awareness campaigns?,maybe,yes,0,1,generation_failure, Yes.,0.0000
justified_biomistral,fixed,bm25,biomistral,Is breast cancer prognosis inherited?,yes,yes,1,1,success, Yes. Inherited genetic traits influence prognostic features of breast cancer.,0.0000
justified_biomistral,fixed,bm25,biomistral,Does nuchal translucency thickness in the first trimester predict GDM onset during pregnancy?,no,yes,0,1,generation_failure, Yes.,0.0000
justified_biomistral,fixed,bm25,biomistral,Are the arginine vasopressin V1a receptor microsatellites related to hypersexuality in children with a prepubertal and early adolescent bipolar disorder phenotype?,no,yes,0,1,generation_failure, Yes.,0.0000
justified_biomistral,fixed,bm25,biomistral,Stage I non-small cell lung carcinoma: really an early stage?,no,yes,0,1,generation_failure, Yes. The 5-year survival rate for patients with stage I non-small cell lung cancer is 70% to 80%. The 5-year survival rate for patients with stage II non-small cell lung cancer is ,0.0000
justified_biomistral,fixed,bm25,biomistral,Does Residency Selection Criteria Predict Performance in Orthopaedic Surgery Residency?,yes,yes,1,1,success," Yes. The preresidency criteria that were associated with objective measures of resident knowledge and performance were usmle step 1 scores, usmle step 2 scores, number of clinical clerkship honors, number of letters of recommendation",0.0000
justified_biomistral,fixed,bm25,biomistral,Optimism and survival: does an optimistic outlook predict better survival at advanced ages?,yes,yes,1,1,success, Yes. Optimistic women and men were at lower risk of death compared to their neutral counterparts.,0.0000
justified_biomistral,fixed,bm25,biomistral,Is it better to be big?,no,yes,0,0,retrieval_failure, Yes.,0.0000
justified_biomistral,fixed,bm25,biomistral,Is arch form influenced by sagittal molar relationship or Bolton tooth-size discrepancy?,no,maybe,0,1,generation_failure," Maybe. The study in context [3] investigates the possible association between arch form, clinically significant tooth - size discrepancy, and sagittal molar relationship. The study in context [2] shows no association between the presence of",0.0000
justified_biomistral,fixed,bm25,biomistral,Cold knife conization vs. LEEP. Are they the same procedure?,no,no,1,1,success, No. The study is comparing the amount of tissue removed at the two procedures. The study is not comparing the procedures themselves. The study is not asking if the procedures are the same or different. The study is asking how much tissue is removed by the,0.0000
justified_biomistral,fixed,bm25,biomistral,Are pectins involved in cold acclimation and de-acclimation of winter oil-seed rape plants?,yes,yes,1,1,success," Yes. The cold-induced modifications in the cell wall properties were more pronounced in the leaves of the more pathogen-resistant genotype. De-acclimation promoted leaf expansion and reversed most of the cold-induced effects,",0.0000
justified_biomistral,fixed,bm25,biomistral,Updating emotional content in working memory: a depression-specific deficit?,yes,no,0,1,generation_failure, No.,0.0000
justified_biomistral,fixed,bm25,biomistral,Does ultrasound imaging before puncture facilitate internal jugular vein cannulation?,maybe,yes,0,1,generation_failure, Yes. Ultrasound imaging before puncture facilitates internal jugular vein cannulation. The results of cannulation did not differ between the 2 techniques with respect to the venous access rate (cannulated at the,0.0000
justified_biomistral,fixed,bm25,biomistral,Should prostate specific antigen be adjusted for body mass index?,no,no,1,1,success, No. The study examined the relationship between body mass index and prostate specific antigen by age in men without prostate cancer in a longitudinal aging study to determine whether prostate specific antigen must be adjusted for body mass index. The study found,0.0000
justified_biomistral,fixed,bm25,biomistral,Does obstructive sleep apnea affect aerobic fitness?,maybe,yes,0,1,generation_failure, Yes. The most accurate test of aerobic fitness is measurement of maximum oxygen consumption (vo2max) with cycle ergometry.,0.0000
justified_biomistral,fixed,bm25,biomistral,The effect of an intracerebroventricular injection of metformin or AICAR on the plasma concentrations of melatonin in the ewe: potential involvement of AMPK?,yes,yes,1,1,success, Yes. The intracerebroventricular injection of metformin or AICAR affected the circadian rhythm of melatonin in ewes that were housed in constant darkness.,0.0000
justified_biomistral,fixed,bm25,biomistral,Literacy after cerebral hemispherectomy: Can the isolated right hemisphere read?,yes,yes,1,1,success," Yes. The volume of right hemisphere stroke was statistically greater than the volume of left hemisphere strokes, adjusting for the baseline nihss ( p < 0. 001 ). For each 5 - point",0.0000
justified_biomistral,fixed,bm25,biomistral,Characterization of the gender dimorphism after injury and hemorrhagic shock: are hormonal differences responsible?,no,yes,0,1,generation_failure," Yes. The hormonal differences between young and old women are responsible for the gender dimorphism after injury and hemorrhagic shock. The effect of gender on mortality, multiple organ failure, and nosocomial infection is independent of age",0.0000
justified_biomistral,fixed,bm25,biomistral,Can communication with terminally ill patients be taught?,yes,yes,1,1,success, Yes. [1] The study describes a 2-day course model for communication with terminally ill patients. The model was based on the experiences of the first three courses of this kind in Rhineland-Palatinate. The study analyzed,0.0000
justified_biomistral,fixed,bm25,biomistral,Delays in time to primary treatment after a diagnosis of breast cancer: does it impact survival?,no,yes,0,1,generation_failure, Yes. The purpose of this study was to evaluate whether time to primary treatment ( tpt ) in breast cancer impacts survival.,0.0000
justified_biomistral,fixed,bm25,biomistral,Are increased carotid artery pulsatility and resistance indexes early signs of vascular abnormalities in young obese males?,yes,yes,1,1,success," Yes. The mean pulsatility index, resistance index, body mass index, waist circumference, systolic and diastolic blood pressure, homeostasis model assessment for insulin resistance, plasma fasting glucose, insulin, c",0.0000
justified_biomistral,fixed,bm25,biomistral,Are acceptance rates of a national preventive home visit programme for older people socially imbalanced?,yes,yes,1,1,success, Yes. Justification: Socioeconomic status was associated with acceptance of preventive home visits. The association was attenuated when adjusted by the invitational procedures.,0.0000
justified_biomistral,fixed,bm25,biomistral,Does open access publishing increase the impact of scientific articles?,yes,yes,1,1,success, Yes. The median number of citations of open access articles was 9 (6–18) versus 8 (4–12) in the case of non-open access articles (p = 0.084). In,0.0000
justified_biomistral,fixed,bm25,biomistral,In vivo visualization of pyloric mucosal hypertrophy in infants with hypertrophic pyloric stenosis: is there an etiologic role?,yes,yes,1,1,success, Yes.,0.0000
justified_biomistral,fixed,bm25,biomistral,Does the early adopter of drugs exist?,no,yes,0,1,generation_failure, Yes. The early adopter of new drugs is a personal trait independent of drug groups.,0.0000
justified_biomistral,fixed,bm25,biomistral,Does high blood pressure reduce the risk of chronic low back pain?,yes,no,0,1,generation_failure," No. The cross-sectional study showed an inverse relationship between blood pressure and prevalence of low back pain in both sexes. However, the prospective study of disease-free women showed that baseline pulse pressure and systolic pressure were invers",0.0000
justified_biomistral,fixed,bm25,biomistral,Does responsibility affect the public's valuation of health care interventions?,maybe,yes,0,1,generation_failure, Yes.,0.0000
justified_biomistral,fixed,bm25,biomistral,Nasal fractures:  is closed reduction satisfying?,yes,yes,1,1,success, Yes. The study shows that closed reduction is satisfying.,0.0000
justified_biomistral,fixed,bm25,biomistral,"Do improvements in outreach, clinical, and family and community-based services predict improvements in child survival?",yes,yes,1,1,success, Yes.,0.0000
justified_biomistral,fixed,bm25,biomistral,Does spontaneous remission occur in polyarteritis nodosa?,yes,no,0,1,generation_failure, No. The patient had a spontaneous remission of polyarteritis nodosa. The patient had a spontaneous remission of polyarteritis nodosa. The patient had a spontaneous remission of polyarteritis nodosa. The patient had,0.0000
justified_biomistral,fixed,bm25,biomistral,Gluten tolerance in adult patients with celiac disease 20 years after diagnosis?,maybe,no,0,1,generation_failure, No. The study found only two patients who were considered to have developed tolerance to gluten. One of them was HLA-DQ2/DQ8 negative.,0.0000
justified_biomistral,fixed,bm25,biomistral,Do symptoms predict COPD in smokers?,no,yes,0,1,generation_failure, Yes.,0.0000
justified_biomistral,fixed,bm25,biomistral,Search engine as a diagnostic tool in difficult immunological and allergologic cases: is Google useful?,yes,yes,1,1,success, Yes. Google is useful in difficult immunological and allergologic cases. The study showed that Google was able to provide a correct diagnosis in 40% of cases. The correct diagnosis was provided by all three investigators in 20,0.0000
justified_biomistral,fixed,bm25,biomistral,Uniformity of evidence-based treatments in practice?,yes,yes,1,1,success, Yes.,0.0000
justified_biomistral,fixed,bm25,biomistral,Do approved doctors and medical referees in the UK agree when assessing a seafarer's fitness?,no,no,1,1,success, No. The study aims to investigate the extent of agreement between approved doctors and medical referees when they assess a seafarer's fitness. Between 2003 and 2009 a total of 232,0.0000
justified_biomistral,fixed,bm25,biomistral,Hepatorenal syndrome: are we missing some prognostic factors?,yes,yes,1,1,success, Yes. The prognosis of hepatorenal syndrome is dismal without liver transplantation.,0.0000
justified_biomistral,fixed,bm25,biomistral,Vaginal dose assessment in image-guided brachytherapy for cervical cancer: Can we really rely on dose-point evaluation?,maybe,no,0,1,generation_failure, No. The study shows that the dose-point evaluation at the posterior inferior border of the pubic symphysis (pibs) is not reliable. The study shows that the dose-point evaluation at the pibs is not reliable.,0.0000
justified_biomistral,fixed,bm25,biomistral,Prescriptions as a proxy for asthma in children: a good choice?,no,yes,0,1,generation_failure, Yes. Prescriptions as a proxy for asthma in children is a good choice.,0.0000
justified_biomistral,fixed,bm25,biomistral,Does the familial transmission of drinking patterns persist into young adulthood?,maybe,yes,0,1,generation_failure, Yes.,0.0000
justified_biomistral,fixed,bm25,biomistral,Proof of concept study: does fenofibrate have a role in sleep apnoea syndrome?,yes,yes,1,1,success, Yes. The study showed that fenofibrate significantly reduced the apnoea / hypopnoea index ( ahi ) and percentage of time spent with arterial oxygen saturation ( spo ( 2 ) ) < 90 %,0.0000
justified_biomistral,fixed,bm25,biomistral,Can mental imagery functional magnetic resonance imaging predict recovery in patients with disorders of consciousness?,yes,yes,1,1,success, Yes. The study showed that all patients with significant activation of a blood oxygen level dependent signal in regions of interest emerged from a vegetative state.,0.0000
justified_biomistral,fixed,bm25,biomistral,The nurse cystoscopist: a feasible option?,yes,yes,1,1,success, Yes. The study shows that the nurse cystoscopist is as accurate as the consultant urologist in detecting bladder tumours during flexible cystoscopy.,0.0000
justified_biomistral,fixed,bm25,biomistral,Is cardiovascular evaluation necessary prior to and during beta-blocker therapy for infantile hemangiomas?,no,yes,0,1,generation_failure, Yes. Cardiovascular evaluations are necessary prior to and during beta-blocker therapy for infantile hemangiomas. The evidence from the context shows that cardiovascular evaluations were performed prior to and during beta-blocker therapy for,0.0000
justified_biomistral,fixed,bm25,biomistral,Is specialty care associated with improved survival of patients with congestive heart failure?,yes,yes,1,1,success, Yes. Implementation of the complex treatment strategies that have been shown to improve survival of patients with congestive heart failure may require certain expertise.,0.0000
justified_biomistral,fixed,bm25,biomistral,Can the prognosis of polymyalgia rheumatica be predicted at disease onset?,yes,no,0,0,retrieval_failure, No. The effects of risk factors did not differ by polarity.,0.0000
