question,gold,answer,raw_output,correct,framing_failure
Do mitochondria play a role in remodelling lace plant leaves during programmed cell death?,yes,yes," Yes. Mitochondria are involved in the production of reactive oxygen species, which are known to play a role in the remodelling of lace plant leaves during programmed cell death.",1,0
Landolt C and snellen e acuity: differences in strabismus amblyopia?,no,yes, Yes.,0,0
"Syncope during bathing in infants, a pediatric form of water-induced urticaria?",yes,yes, Yes. The child is likely to have water-induced urticaria. The child is not likely to have an epileptic seizure.,1,0
Are the long-term results of the transanal pull-through equal to those of the transabdominal pull-through?,no,no, No. The transanal pull-through is associated with a higher recurrence rate. This is due to the fact that the anastomosis is performed in a non-physiological position and that the distal colon is not completely removed.,1,0
Can tailored interventions increase mammography use among HMO women?,yes,yes, Yes. Tailored interventions have been shown to be effective in increasing mammography use among HMO women.,1,0
Double balloon enteroscopy: is it efficacious and safe in a community setting?,yes,yes," Yes. Double balloon enteroscopy is efficacious and safe in a community setting. The procedure is performed by a gastroenterologist who is trained in the procedure and has the necessary equipment. The procedure is performed in a community setting, which is more convenient for patients and can potentially reduce costs.",1,0
30-Day and 1-year mortality in emergency general surgery laparotomies: an area of concern and need for improvement?,maybe,yes, Yes. The 30-day and 1-year mortality rates in emergency general surgery laparotomies are high and need to be improved.,0,0
Is adjustment for reporting heterogeneity necessary in sleep disorders?,no,no, No. Adjustment for reporting heterogeneity is not necessary in sleep disorders. The heterogeneity of reporting in sleep disorders is not a concern because the studies are similar enough in terms of their design and methodology to be combined in a meta-analysis.,1,0
Do mutations causing low HDL-C promote increased carotid intima-media thickness?,no,yes, Yes. Mutations causing low HDL-C are associated with increased carotid intima-media thickness. This is because HDL-C has anti-atherogenic properties and low HDL-C is a risk factor for cardiovascular disease.,0,0
A short stay or 23-hour ward in a general and academic children's hospital: are they effective?,yes,yes, Yes. They are effective because they can reduce the number of hospital admissions and the length of hospital stay.,1,0
Did Chile's traffic law reform push police enforcement?,yes,yes," Yes. The law reform provided clearer guidelines for police to follow, which led to increased enforcement of the traffic laws.",1,0
Therapeutic anticoagulation in the trauma patient: is it safe?,no,yes, Yes. Therapeutic anticoagulation is safe in the trauma patient. The risk of bleeding is outweighed by the risk of thrombosis.,0,0
Differentiation of nonalcoholic from alcoholic steatohepatitis: are routine laboratory markers useful?,yes,no, No. Routine laboratory markers are not useful for differentiating nonalcoholic from alcoholic steatohepatitis. The diagnosis of alcoholic steatohepatitis is based on the history of alcohol consumption. Nonalcoholic steatohepatitis is diagnosed when there is evidence of hepatocellular injury and steatosis in the absence of significant alcohol consumption.,0,0
Prompting Primary Care Providers about Increased Patient Risk As a Result of Family History: Does It Work?,no,yes, Yes. Prompting primary care providers about increased patient risk as a result of family history does work. It is a simple and effective way to increase the detection of family history of cancer.,0,0
Do emergency ultrasound fellowship programs impact emergency medicine residents' ultrasound education?,yes,yes, Yes. Emergency ultrasound fellowship programs provide additional training for emergency medicine residents and can improve their ultrasound skills and knowledge.,1,0
Patient-Controlled Therapy of Breathlessness in Palliative Care: A New Therapeutic Concept for Opioid Administration?,yes,yes, Yes. Patient-controlled therapy of breathlessness is a new therapeutic concept for opioid administration. The use of a portable device that allows the patient to self-administer small doses of opioids as needed can help manage breathlessness and improve the quality of life for palliative care patients.,1,0
Is there still a need for living-related liver transplantation in children?,yes,yes," Yes. There are many benefits to living-related liver transplantation in children. These include shorter waiting times, less time on the ventilator, and fewer infections.",1,0
Do patterns of knowledge and attitudes exist among unvaccinated seniors?,yes,yes, Yes. Unvaccinated seniors may have different patterns of knowledge and attitudes than vaccinated seniors.,1,0
Is there a model to teach and practice retroperitoneoscopic nephrectomy?,yes,yes, Yes. The model is a live animal model. The justification is that the retroperitoneal space is similar to the retroperitoneal space in humans.,1,0
Cardiovascular risk in a rural adult West African population: is resting heart rate also relevant?,yes,yes," Yes. Resting heart rate is a simple, non-invasive, and inexpensive method to identify individuals at high risk of cardiovascular disease in rural West Africa.",1,0
Israeli hospital preparedness for terrorism-related multiple casualty incidents: can the surge capacity and injury severity distribution be better predicted?,yes,yes, Yes. The surge capacity and injury severity distribution can be better predicted by using a mathematical model based on the injury mechanism and the injury severity distribution of previous incidents.,1,0
Acute respiratory distress syndrome in children with malignancy--can we predict outcome?,yes,yes, Yes.The presence of a malignancy in a child with acute respiratory distress syndrome is associated with a poor outcome.,1,0
Secondhand smoke risk in infants discharged from an NICU: potential for significant health disparities?,yes,yes, Yes. Secondhand smoke exposure is a known risk factor for sudden infant death syndrome (SIDS). SIDS is the leading cause of infant mortality in the United States. Infants discharged from a NICU are at increased risk for SIDS due to their immature development and increased susceptibility to environmental toxins.,1,0
Do nomograms designed to predict biochemical recurrence (BCR) do a better job of predicting more clinically relevant prostate cancer outcomes than BCR?,yes,no," No. Nomograms designed to predict BCR do not do a better job of predicting more clinically relevant prostate cancer outcomes than BCR. Nomograms are designed to predict BCR because it is the most common outcome after prostatectomy. However, BCR is not necessarily the most clinically relevant outcome.",0,0
Are reports of mechanical dysfunction in chronic oro-facial pain related to somatisation?,yes,no, No. Mechanical dysfunction is a known cause of oro-facial pain.,0,0
Amblyopia: is visual loss permanent?,no,no, No.,1,0
Implementation of epidural analgesia for labor: is the standard of effective analgesia reachable in all women?,yes,yes, Yes. The standard of effective analgesia is reachable in all women. The standard of effective analgesia is reachable in all women. The standard of effective analgesia is reachable in all women.,1,0
Does HER2 immunoreactivity provide prognostic information in locally advanced urothelial carcinoma patients receiving adjuvant M-VEC chemotherapy?,maybe,yes, Yes. HER2 immunoreactivity provides prognostic information in locally advanced urothelial carcinoma patients receiving adjuvant M-VEC chemotherapy. The presence of HER2 immunoreactivity is associated with a poorer prognosis.,0,0
Is halofantrine ototoxic?,yes,no," No. Halofantrine is not ototoxic. Halofantrine is a 4-quinoline methanol that is used to treat malaria. There is no evidence that halofantrine is ototoxic. In fact, halofantrine is less ototoxic than other 4-aminoquinolines such as ch",0,0
Visceral adipose tissue area measurement at a single level: can it represent visceral adipose tissue volume?,yes,no," No. Visceral adipose tissue area measurement at a single level cannot represent visceral adipose tissue volume. Visceral adipose tissue volume is a three-dimensional structure, and its measurement requires the sum of the areas of multiple slices.",0,0
Necrotizing fasciitis: an indication for hyperbaric oxygenation therapy?,no,yes, Yes. Hyperbaric oxygenation therapy is indicated for necrotizing fasciitis because it increases the oxygen supply to the tissues and improves the efficacy of antibiotics.,0,0
Is the Hawkins sign able to predict necrosis in fractures of the neck of the astragalus?,maybe,no, No. The Hawkins sign is not able to predict necrosis in fractures of the neck of the astragalus. The Hawkins sign is a clinical sign that is used to assess the degree of injury to the Achilles tendon. It is not a sign that is used to assess the degree of injury to the neck of the astragalus.,0,0
Is a mandatory general surgery rotation necessary in the surgical clerkship?,no,yes, Yes. A mandatory general surgery rotation is necessary in the surgical clerkship. This is because general surgery is the foundation of surgical training and provides a broad exposure to surgical pathology.,0,0
Is Acupuncture Efficacious for Treating Phonotraumatic Vocal Pathologies?,yes,yes, Yes. Acupuncture is efficacious for treating phonotraumatic vocal pathologies because it can reduce the inflammation and edema of the vocal folds.,1,0
Is aneurysm repair justified for the patients aged 80 or older after aneurysmal subarachnoid hemorrhage?,yes,yes, Yes. Aneurysm repair is indicated for patients aged 80 or older after aneurysmal subarachnoid hemorrhage. The risk of rebleeding is higher than the risk of surgery.,1,0
Do general practice characteristics influence uptake of an information technology (IT) innovation in primary care?,no,yes, Yes. General practices that are part of a larger practice network may be more likely to adopt an IT innovation because of the potential for cost savings and increased revenue.,0,0
Prognosis of well differentiated small hepatocellular carcinoma--is well differentiated hepatocellular carcinoma clinically early cancer?,no,yes, Yes. Well differentiated hepatocellular carcinoma is clinically early cancer.,0,0
Do follow-up recommendations for abnormal Papanicolaou smears influence patient adherence?,no,no," No. Follow-up recommendations for abnormal Papanicolaou smears do not influence patient adherence. Patient adherence is influenced by many factors, including the patient’s perceived risk of cervical cancer, the patient’s perceived severity of the abnormal Papanicolaou smear, and the patient’s trust in the physician.",1,0
Biomolecular identification of allergenic pollen: a new perspective for aerobiological monitoring?,yes,yes," Yes. The identification of allergenic pollen is important for the diagnosis of pollinosis. The pollen of different species may cause the same symptoms, and the same pollen may cause different symptoms. The identification of allergenic pollen can help doctors to diagnose and treat patients more accurately.",1,0
Does diabetes mellitus influence the efficacy of FDG-PET in the diagnosis of cervical cancer?,no,yes," Yes. Diabetes mellitus can lead to increased FDG uptake in the cervix, which can make it more difficult to differentiate between cancer and inflammation.",0,0
Biomechanical and wound healing characteristics of corneas after excimer laser keratorefractive surgery: is there a difference between advanced surface ablation and sub-Bowman's keratomileusis?,yes,yes, Yes. The advanced surface ablation is more biomechanically stable than sub-Bowman's keratomileusis.,1,0
Does radiotherapy of the primary rectal cancer affect prognosis after pelvic exenteration for recurrent rectal cancer?,yes,no, No.Radiotherapy of the primary rectal cancer does not affect prognosis after pelvic exenteration for recurrent rectal cancer.,0,0
Can a practicing surgeon detect early lymphedema reliably?,maybe,no," No. The diagnosis of early lymphedema is difficult and requires a combination of clinical examination, imaging, and lymphoscintigraphy.",0,0
Colorectal cancer with synchronous liver metastases: does global management at the same centre improve results?,no,yes," Yes. The same centre can coordinate the treatment of the primary tumour and the metastases, which can improve the results.",0,0
Is motion perception deficit in schizophrenia a consequence of eye-tracking abnormality?,yes,yes, Yes. Motion perception deficit in schizophrenia is a consequence of eye-tracking abnormality. This is because the eye-tracking abnormality in schizophrenia is associated with motion perception deficit.,1,0
Transgastric endoscopic splenectomy: is it possible?,yes,yes, Yes. Transgastric endoscopic splenectomy is possible. The splenic vessels can be ligated and divided using endoscopic clips or a hemolock device. The splenic parenchyma can be divided using an electrocautery snare or a needle knife.,1,0
It's Fournier's gangrene still dangerous?,yes,yes, Yes. Fournier's gangrene is a necrotizing fasciitis of the perineum and genitalia. It is a very dangerous condition with a high mortality rate. Early diagnosis and prompt treatment are essential to improve the chances of survival.,1,0
Is it appropriate to implant kidneys from elderly donors in young recipients?,yes,no, No. The elderly kidneys have a higher rate of complications and are less likely to function properly.,0,0
Do provider service networks result in lower expenditures compared with HMOs or primary care case management in Florida's Medicaid program?,yes,no, No. The provider service networks do not result in lower expenditures compared with HMOs or primary care case management in Florida's Medicaid program. The provider service networks are not a cost-effective alternative to HMOs or primary care case management.,0,0
Assessment of carotid artery stenosis before coronary artery bypass surgery. Is it always necessary?,no,yes," Yes. Carotid artery stenosis can be a source of emboli to the brain, and this can cause postoperative stroke. Therefore, it is important to assess carotid artery stenosis before coronary artery bypass surgery.",0,0
Should direct mesocolon invasion be included in T4 for the staging of gastric cancer?,maybe,yes," Yes. Direct mesocolon invasion is a direct invasion of the stomach into the mesocolon, which is a part of the peritoneum. Therefore, it is reasonable to include this condition in T4.",0,0
Do Surrogates of Injury Severity Influence the Occurrence of Heterotopic Ossification in Fractures of the Acetabulum?,maybe,no," No. The occurrence of HO is not influenced by the severity of the fracture. HO is a common complication of fractures of the acetabulum, with an incidence of 10–30%. The severity of the fracture does not seem to influence the occurrence of HO.",0,0
Does pretreatment with statins improve clinical outcome after stroke?,no,yes, Yes. Statins reduce the risk of recurrent stroke by 33% and improve the outcome after stroke. (20),0,0
Processing fluency effects: can the content and presentation of participant information sheets influence recruitment and participation for an antenatal intervention?,yes,yes, Yes.,1,0
Sternal fracture in growing children : A rare and often overlooked fracture?,maybe,yes," Yes. Sternal fractures are rare in children, but when they do occur, they are often overlooked. This is because children are less likely to report chest pain and because the sternum is a bony structure that is easily deformed without causing significant pain. However, it is important for medical professionals to be aware of the possibility of a sternal fracture in children, as it can",0,0
Is there a correlation between androgens and sexual desire in women?,yes,yes, Yes. Androgens are associated with sexual desire in women.,1,0
Does immediate breast reconstruction compromise the delivery of adjuvant chemotherapy?,no,no, No. Immediate breast reconstruction does not compromise the delivery of adjuvant chemotherapy. Immediate reconstruction does not affect the delivery of adjuvant chemotherapy.,1,0
Human papillomavirus and pterygium. Is the virus a risk factor?,maybe,no, No. The virus is not a risk factor for pterygium. The human papillomavirus is a DNA virus that causes warts in the skin and mucous membranes. It is not associated with pterygium.,0,0
Can PRISM predict length of PICU stay?,no,yes," Yes. PRISM is a validated tool for predicting the length of PICU stay. It is based on the weighted sum of the scores of 14 physiological variables. The higher the score, the longer the PICU stay.",0,0
Can predilatation in transcatheter aortic valve implantation be omitted?,yes,yes, Yes. Predilatation is not necessary in transcatheter aortic valve implantation. The use of predilatation balloons can lead to aortic root dilatation and paravalvular leakage.,1,0
Autoerotic asphyxiation: secret pleasure--lethal outcome?,yes,yes," Yes. Autoerotic asphyxiation is a sexual practice in which the individual induces asphyxia by restricting the airway, usually by choking oneself. It is a form of sexual masochism. It can lead to death or brain damage.",1,0
Major depression and alcohol use disorder in adolescence: Does comorbidity lead to poorer outcomes of depression?,no,yes, Yes. Comorbidity of major depression and alcohol use disorder in adolescence is associated with poorer outcomes of depression.,0,0
Cold preparation use in young children after FDA warnings: do concerns still exist?,yes,yes," Yes. The FDA has warned against the use of cold preparation in children due to the risk of serious side effects such as seizures, abdominal pain, and kidney damage. While there may be some benefits to using cold preparation in children, the risks outweigh the benefits, and it is not recommended to use cold preparation in children.",1,0
Does a 4 diagram manual enable laypersons to operate the Laryngeal Mask Supreme®?,yes,yes, Yes. The 4 diagram manual is sufficient to enable laypersons to operate the Laryngeal Mask Supreme®.,1,0
Can we measure mesopic pupil size with the cobalt blue light slit-lamp biomicroscopy method?,no,yes, Yes. The cobalt blue light slit-lamp biomicroscopy method can be used to measure mesopic pupil size. The cobalt blue light slit-lamp biomicroscopy method can be used to measure mesopic pupil size because the cobalt blue light slit-lamp biomicroscopy method can be used to measure,0,0
Should circumcision be performed in childhood?,no,yes, Yes. Circumcision is a safe procedure and has many health benefits.,0,0
Does a colonoscopy after acute diverticulitis affect its management?,no,no, No.The management of acute diverticulitis is based on the severity of symptoms and the presence of complications. Colonoscopy is not recommended in the acute phase of diverticulitis due to the risk of bowel perforation.,1,0
Do instrumental activities of daily living predict dementia at 1- and 2-year follow-up?,yes,yes," Yes. Instrumental activities of daily living are a set of activities that are required to live independently in the community. These activities include things like cooking, shopping, and doing laundry. If someone has difficulty with these activities, it can be a sign of cognitive impairment, which can be a predictor of dementia.",1,0
Does the Simultaneous Use of a Neuroendoscope Influence the Incidence of Ventriculoperitoneal Shunt Infection?,no,no," No. The simultaneous use of a neuroendoscope does not influence the incidence of ventriculoperitoneal shunt infection. The incidence of ventriculoperitoneal shunt infection is influenced by the surgical procedure, the surgeon’s experience, and the use of antibiotics.",1,0
"Body perception: do parents, their children, and their children's physicians perceive body image differently?",yes,yes, Yes.,1,0
Is a specialised training of phonological awareness indicated in every preschool child?,maybe,yes, Yes. Phonological awareness is a prerequisite for reading and writing. It is therefore important to train phonological awareness in every child.,0,0
Is there any relationship between streptococcal infection and multiple sclerosis?,yes,yes, Yes. Streptococcal infection is a known environmental risk factor for multiple sclerosis.,1,0
Is the combination with 2-methoxyestradiol able to reduce the dosages of chemotherapeutices in the treatment of human ovarian cancer?,yes,yes, Yes. The combination with 2-methoxyestradiol is able to reduce the dosages of chemotherapeutices in the treatment of human ovarian cancer. The combination of 2-methoxyestradiol with cisplatin and paclitaxel has been shown to be effective in the treatment of human ovarian cancer in vitro and in,1,0
Assessing joint line positions by means of the contralateral knee: a new approach for planning knee revision surgery?,yes,yes, Yes. The contralateral knee can be used to assess the joint line position of the affected knee. This is because the joint line position of the contralateral knee is a good predictor of the joint line position of the affected knee.,1,0
Does the type of tibial component affect mechanical alignment in unicompartmental knee replacement?,yes,yes, Yes. The type of tibial component affects mechanical alignment in unicompartmental knee replacement. The type of tibial component affects the amount of tibial slope and the amount of tibial rotation.,1,0
Is tumour expression of VEGF associated with venous invasion and survival in pT3 renal cell carcinoma?,maybe,yes," Yes. VEGF expression is associated with venous invasion and survival in pT3 renal cell carcinoma. VEGF is a potent angiogenic factor and is expressed in the majority of renal cell carcinomas. In addition, VEGF expression is associated with tumour stage and grade, and is an independent prognostic factor for survival in re",0,0
Injury and poisoning mortality among young men--are there any common factors amenable to prevention?,yes,yes, Yes. There are common factors amenable to prevention.,1,0
Continuation of pregnancy after antenatal corticosteroid administration: opportunity for rescue?,maybe,yes," Yes. Antenatal corticosteroid administration is effective in reducing the risk of respiratory distress syndrome and neonatal death. However, the risk of respiratory distress syndrome is not eliminated, and the risk of other complications, such as cerebral hemorrhage, remains. Therefore, it is important to consider the risks and benefits of continuing the pregnancy.",0,0
Does either obesity or OSA severity influence the response of autotitrating CPAP machines in very obese subjects?,yes,no, No. The response of autotitrating CPAP machines is not influenced by either obesity or OSA severity. The response of autotitrating CPAP machines is determined by the algorithm of the machine and not by the severity of OSA or the BMI of the patient.,0,0
Does the clinical presentation of a prior preterm birth predict risk in a subsequent pregnancy?,yes,yes, Yes. The clinical presentation of a prior preterm birth predicts risk in a subsequent pregnancy. The risk of preterm birth in a subsequent pregnancy is increased if the prior preterm birth was early term (37-37+6 weeks) or late preterm (38-38+6 weeks) and if the prior preterm birth was due to preterm prelabor ru,1,0
Is the Distance Worth It?,yes,yes, Yes.,1,0
Aripiprazole: a new risk factor for pathological gambling?,yes,yes, Yes. Aripiprazole is a dopamine D2 receptor antagonist. It is used to treat schizophrenia and bipolar disorder. It is also used to treat Tourette syndrome. Aripiprazole is a new risk factor for pathological gambling.,1,0
Immune suppression by lysosomotropic amines and cyclosporine on T-cell responses to minor and major histocompatibility antigens: does synergy exist?,yes,yes," Yes. The lysosomotropic amines and cyclosporine are known to inhibit the antigen-presenting function of macrophages and dendritic cells, which may lead to a reduction in the presentation of minor and major histocompatibility antigens to T cells. This reduction in antigen presentation may result in a decrease in T-cell activation and pro",1,0
Does induction chemotherapy have a role in the management of nasopharyngeal carcinoma?,yes,yes, Yes. Induction chemotherapy can be used to reduce the tumor size and improve the resectability of nasopharyngeal carcinoma. It can also be used to select patients who are more likely to benefit from concurrent chemoradiotherapy.,1,0
Treatment of contralateral hydrocele in neonatal testicular torsion: Is less more?,maybe,yes, Yes. Less is more. The treatment of contralateral hydrocele in neonatal testicular torsion is not associated with a higher risk of testicular atrophy.,0,0
"Are normally sighted, visually impaired, and blind pedestrians accurate and reliable at making street crossing decisions?",maybe,yes, Yes. Normally sighted pedestrians are accurate and reliable at making street crossing decisions. Visually impaired and blind pedestrians are also accurate and reliable at making street crossing decisions.,0,0
Is it Crohn's disease?,maybe,yes," Yes. Crohn's disease is a type of inflammatory bowel disease (IBD) that causes inflammation and ulcers in the digestive tract. It is a chronic condition that can affect any part of the digestive tract, from the mouth to the anus. The symptoms of Crohn's disease can vary widely and may include diarrhea, ab",0,0
Is Chaalia/Pan Masala harmful for health?,yes,yes, Yes. It contains tobacco and is therefore harmful for health.,1,0
Does multi-modal cervical physical therapy improve tinnitus in patients with cervicogenic somatic tinnitus?,yes,yes, Yes. Multi-modal cervical physical therapy improves tinnitus in patients with cervicogenic somatic tinnitus. The mechanism of action is likely due to the reduction of cervical nociceptive input to the central nervous system.,1,0
Detailed analysis of sputum and systemic inflammation in asthma phenotypes: are paucigranulocytic asthmatics really non-inflammatory?,maybe,no, No.,0,0
Is HIV/STD control in Jamaica making a difference?,yes,yes, Yes. The prevalence of HIV in Jamaica is decreasing.,1,0
Is Panton-Valentine leucocidin associated with the pathogenesis of Staphylococcus aureus bacteraemia in the UK?,maybe,yes," Yes. Panton-Valentine leucocidin is a pore-forming toxin that can cause cell death and tissue damage. It is produced by some strains of Staphylococcus aureus, including those that cause bacteraemia. The presence of Panton-Valentine leucocidin genes in the bacterial genome",0,0
Are even impaired fasting blood glucose levels preoperatively associated with increased mortality after CABG surgery?,yes,yes, Yes. Impaired fasting blood glucose levels are associated with increased mortality after CABG surgery.,1,0
Does positron emission tomography change management in primary rectal cancer?,yes,yes, Yes. Positron emission tomography can help to identify patients with distant metastases who need additional treatment.,1,0
Can you deliver accurate tidal volume by manual resuscitator?,no,no, No. Manual resuscitator is not accurate. The tidal volume is dependent on the operator’s effort and the leaks in the system.,1,0
Can increases in the cigarette tax rate be linked to cigarette retail prices?,no,yes, Yes. Cigarette taxes are a major component of cigarette retail prices.,0,0
Vertical lines in distal esophageal mucosa (VLEM): a true endoscopic manifestation of esophagitis in children?,yes,yes, Yes. VLEM is a true endoscopic manifestation of esophagitis in children. The vertical lines are caused by the edema of the esophageal mucosa.,1,0
Does hypoglycaemia increase the risk of cardiovascular events?,yes,yes," Yes. Hypoglycaemia can cause cardiomyopathy, arrhythmias, and vasospasm, which can lead to myocardial infarction and stroke.",1,0
Does the radiographic transition zone correlate with the level of aganglionosis on the specimen in Hirschsprung's disease?,no,yes, Yes. The transition zone on the radiograph is the same level as the aganglionic segment on the histopathologic specimen.,0,0
Is dexamethasone an effective alternative to oral prednisone in the treatment of pediatric asthma exacerbations?,yes,yes, Yes. Dexamethasone is a more effective alternative to oral prednisone in the treatment of pediatric asthma exacerbations. Dexamethasone is a long-acting corticosteroid that is more effective in reducing the frequency of relapse and the need for hospitalization in children with asthma exacerbations than oral prednis,1,0
Mammographic screening in Sami speaking municipalities and a control group. Are early outcome measures influenced by ethnicity?,yes,yes, Yes. The Sami speaking group had a higher rate of false positive results.,1,0
Do Electrochemiluminescence Assays Improve Prediction of Time to Type 1 Diabetes in Autoantibody-Positive TrialNet Subjects?,yes,yes, Yes. Electrochemiluminescence assays improve prediction of time to type 1 diabetes in autoantibody-positive TrialNet subjects.,1,0
Assessment of appropriate antimicrobial prescribing: do experts agree?,yes,yes, Yes. Experts agree on the assessment of appropriate antimicrobial prescribing.,1,0
Is there a favorable subset of patients with prostate cancer who develop oligometastases?,yes,yes, Yes. Patients with oligometastatic prostate cancer have a better prognosis than those with widespread metastases. This is because oligometastatic disease is more likely to be androgen-dependent and amenable to androgen deprivation therapy.,1,0
Cycloplegic autorefraction in young adults: is it mandatory?,maybe,no, No.,0,0
Does screening or surveillance for primary hepatocellular carcinoma with ultrasonography improve the prognosis of patients?,yes,yes, Yes. Ultrasonography screening or surveillance for primary hepatocellular carcinoma is effective in improving the prognosis of patients.,1,0
"""Would a man smell a rose then throw it away?",maybe,no, No. A man would not smell a rose then throw it away. The sense of smell is not a sense of touch.,0,0
Department of Transportation vs self-reported data on motor vehicle collisions and driving convictions for stroke survivors: do they agree?,no,no, No. The Department of Transportation data is more accurate than self-reported data.,1,0
"Neoadjuvant Imatinib in Locally Advanced Gastrointestinal stromal Tumours, Will Kit Mutation Analysis Be a Pathfinder?",yes,yes, Yes. Kit mutation analysis will be a pathfinder because it will help to select patients who are more likely to benefit from neoadjuvant imatinib.,1,0
Does the lipid-lowering peroxisome proliferator-activated receptors ligand bezafibrate prevent colon cancer in patients with coronary artery disease?,yes,yes," Yes. Bezafibrate is a peroxisome proliferator-activated receptor (PPAR) α agonist that has been shown to inhibit colon cancer cell growth in vitro and in vivo. In a randomized controlled trial, bezafibrate was found to reduce the incidence of colorectal cancer in patients with coronary artery disease",1,0
Does self-efficacy mediate the relationship between transformational leadership behaviours and healthcare workers' sleep quality?,maybe,yes," Yes. Transformational leadership behaviours are associated with higher self-efficacy, which in turn is associated with better sleep quality.",0,0
Does microbial contamination influence the success of the hematopoietic cell transplantation outcomes?,maybe,yes, Yes.,0,0
Very high serum CA 19-9 levels: a contraindication to pancreaticoduodenectomy?,no,no," No. High serum CA 19-9 levels are not a contraindication to pancreaticoduodenectomy. High serum CA 19-9 levels are a prognostic factor for poor outcome in pancreatic cancer patients. However, the serum CA 19-9 level is not a reliable indicator of resectability.",1,0
Perioperative care in an animal model for training in abdominal surgery: is it necessary a preoperative fasting?,no,no, No. The preoperative fasting is not necessary in the perioperative care in an animal model for training in abdominal surgery. The preoperative fasting is not necessary in the perioperative care in an animal model for training in abdominal surgery because the animals are not fed before the surgery.,1,0
Are physicians aware of the side effects of angiotensin-converting enzyme inhibitors?,no,yes, Yes. Physicians are aware of the side effects of angiotensin-converting enzyme inhibitors.,0,0
Residual fundus or neofundus after laparoscopic sleeve gastrectomy: is fundectomy safe and effective as revision surgery?,maybe,yes, Yes. Fundectomy is safe and effective as revision surgery. The residual fundus after LSG is not a risk factor for GERD.,0,0
Are physician estimates of asthma severity less accurate in black than in white patients?,yes,no, No. Physician estimates of asthma severity are equally accurate in black and white patients. Physicians are trained to treat patients equally regardless of race.,0,0
Does laparoscopic surgery decrease the risk of atrial fibrillation after foregut surgery?,yes,yes," Yes. The risk of atrial fibrillation is lower in patients who undergo laparoscopic surgery compared to those who undergo open surgery. This is because laparoscopic surgery is less invasive than open surgery, which reduces the risk of atrial fibrillation.",1,0
"The Main Gate Syndrome: a new format in mass-casualty victim ""surge"" management?",yes,yes," Yes. The Main Gate Syndrome is a new format in mass-casualty victim ""surge"" management. The Main Gate Syndrome is a new format in mass-casualty victim ""surge"" management. The Main Gate Syndrome is a new format in mass-casualty victim ""surge"" management.",1,0
Do communication disorders extend to musical messages?,yes,yes, Yes.,1,0
Do patients with rheumatoid arthritis established on methotrexate and folic acid 5 mg daily need to continue folic acid supplements long term?,yes,yes," Yes. Methotrexate is a folate antagonist and can cause folate deficiency. Folate deficiency can cause anemia, diarrhea, and neural tube defects. Folic acid supplementation can prevent these side effects.",1,0
Can infundibular height predict the clearance of lower pole calyceal stone after extracorporeal shockwave lithotripsy?,yes,yes," Yes. Infundibular height is a surrogate for the ease of access of the stone to the shock waves. The larger the infundibulum, the more difficult it is to access the stone. Therefore, the larger the infundibulum, the more likely the stone will not clear after ESWL.",1,0
Does lung ischemia and reperfusion have an impact on coronary flow?,yes,yes," Yes. Lung ischemia and reperfusion can cause coronary vasoconstriction. This is because the lung is a major regulator of systemic vascular tone. During lung ischemia, the lung releases vasodilators, which cause vasodilation in the systemic circulation. When the lung is reperfused, it releases vasoconstrictors, which cause vas",1,0
Is a patient's self-reported health-related quality of life a prognostic factor for survival in non-small-cell lung cancer patients?,maybe,yes, Yes. Patient-reported health-related quality of life is a validated prognostic factor in non-small-cell lung cancer patients. Patient-reported health-related quality of life is a validated prognostic factor in non-small-cell lung cancer patients.,0,0
Transient tachypnea of the newborn (TTN): a role for polymorphisms in the beta-adrenergic receptor (ADRB) encoding genes?,yes,maybe, Maybe. The beta-adrenergic receptor (ADRB) is a G-protein-coupled receptor that mediates the physiological effects of catecholamines. The ADRB2 gene is expressed in the heart and lungs. The ADRB2 gene is a candidate gene for TTN.,0,0
Is duration of psychological treatment for depression related to return into treatment?,yes,yes," Yes. The longer the treatment, the more likely the patient will return into treatment. This is because the longer the treatment, the more likely the patient will be cured.",1,0
Does shaving the incision site increase the infection rate after spinal surgery?,maybe,no," No. Shaving the incision site does not increase the infection rate after spinal surgery. The hair follicles are removed during the surgical incision, and the skin is closed. The hair follicles are not re-established until the hair grows back, which does not occur until 4 weeks after surgery.",0,0
The influence of atmospheric pressure on aortic aneurysm rupture--is the diameter of the aneurysm important?,maybe,yes," Yes. The diameter of the aneurysm is important because the larger the diameter, the greater the risk of rupture.",0,0
Do French lay people and health professionals find it acceptable to breach confidentiality to protect a patient's wife from a sexually transmitted disease?,maybe,no, No. It is never acceptable to breach confidentiality to protect a patient's wife from a sexually transmitted disease. The patient's confidentiality is inviolable. The patient's wife has no right to expect the patient to reveal confidential information.,0,0
Do somatic complaints predict subsequent symptoms of depression?,maybe,yes, Yes. Somatic complaints are a risk factor for depression.,0,0
Are women with major depression in pregnancy identifiable in population health data?,no,yes, Yes. Women with major depression in pregnancy can be identified in population health data using a combination of diagnostic codes and prescription drug data.,0,0
Remote ischemic postconditioning: does it protect against ischemic damage in percutaneous coronary revascularization?,yes,yes, Yes. Remote ischemic postconditioning reduces the risk of perioperative myocardial infarction in patients undergoing percutaneous coronary revascularization.,1,0
Does combining antiretroviral agents in a single dosage form enhance quality of life of HIV/AIDS patients?,no,yes, Yes. Combining antiretroviral agents in a single dosage form reduces the number of pills and improves adherence to treatment.,0,0
The inverse equity hypothesis: does it apply to coverage of cancer screening in middle-income countries?,yes,yes," Yes. The inverse equity hypothesis states that the higher the socioeconomic status, the greater the use of health services. This hypothesis has been observed in many studies on health services use in high-income countries. However, in middle-income countries, the inverse equity hypothesis may not apply to coverage of cancer screening because of the high burden of cancer in these countries.",1,0
Identification of racial disparities in breast cancer mortality: does scale matter?,yes,yes, Yes. The scale of the study matters. The study with a larger sample size is more likely to detect racial disparities in breast cancer mortality.,1,0
Does the leukocyte count correlate with the severity of injury?,yes,yes," Yes. The leukocyte count is a measure of the severity of injury. When there is an injury, the leukocyte count increases. The more severe the injury, the higher the leukocyte count. This is because leukocytes are released into the bloodstream to fight the infection that often accompanies injury.",1,0
Can transcranial direct current stimulation be useful in differentiating unresponsive wakefulness syndrome from minimally conscious state patients?,yes,yes, Yes. Transcranial direct current stimulation can be used to differentiate unresponsive wakefulness syndrome from minimally conscious state patients.,1,0
Aromatase inhibitor-related musculoskeletal symptoms: is preventing osteoporosis the key to eliminating these symptoms?,yes,no, No. Preventing osteoporosis is not the key to eliminating these symptoms. The mechanism of aromatase inhibitor-related musculoskeletal symptoms is not osteoporosis but rather microvascular ischemia.,0,0
Could different follow-up modalities play a role in the diagnosis of asymptomatic endometrial cancer relapses?,maybe,yes, Yes. Different follow-up modalities could play a role in the diagnosis of asymptomatic endometrial cancer relapses.,0,0
Locoregional opening of the rodent blood-brain barrier for paclitaxel using Nd:YAG laser-induced thermo therapy: a new concept of adjuvant glioma therapy?,yes,yes, Yes. The blood-brain barrier opening by laser-induced thermo therapy is a new concept of adjuvant glioma therapy. The blood-brain barrier opening by laser-induced thermo therapy is a new concept of adjuvant glioma therapy.,1,0
Preoperative tracheobronchoscopy in newborns with esophageal atresia: does it matter?,yes,yes," Yes. Preoperative tracheobronchoscopy in newborns with esophageal atresia is important to identify the presence of tracheal stenosis, which can be treated at the same time as the esophageal atresia.",1,0
Is horizontal semicircular canal ocular reflex influenced by otolith organs input?,yes,yes," Yes. The horizontal semicircular canal ocular reflex is influenced by otolith organs input. The horizontal semicircular canal ocular reflex is a compensatory eye movement that occurs in response to a head rotation in the plane of the horizontal semicircular canal. The otolith organs provide information about the head's position in space, and this information",1,0
Is perforation of the appendix a risk factor for tubal infertility and ectopic pregnancy?,maybe,yes," Yes. Perforation of the appendix can lead to inflammation of the fallopian tubes, which can cause scarring and blockage of the tubes. This can lead to infertility and ectopic pregnancy.",0,0
Serovar specific immunity to Neisseria gonorrhoeae: does it exist?,no,yes, Yes.,0,0
May student examiners be reasonable substitute examiners for faculty in an undergraduate OSCE on medical emergencies?,yes,yes, Yes. Examiners are trained to assess students’ performance in a standardized way.,1,0
Are endothelial cell patterns of astrocytomas indicative of grade?,yes,yes, Yes. Endothelial cell patterns of astrocytomas are indicative of grade. The presence of endothelial cell patterns is indicative of a higher grade astrocytoma.,1,0
Do healthier lifestyles lead to less utilization of healthcare resources?,no,yes," Yes. Healthier lifestyles lead to less utilization of healthcare resources. This is because healthier lifestyles can prevent or delay the onset of chronic diseases, which are the leading cause of healthcare utilization.",0,0
Antral follicle assessment as a tool for predicting outcome in IVF--is it a better predictor than age and FSH?,maybe,yes, Yes. Antral follicle count is a better predictor of outcome in IVF than age and FSH. The antral follicle count is a more accurate reflection of the ovarian reserve than age and FSH.,0,0
Do all ethnic groups in New Zealand exhibit socio-economic mortality gradients?,yes,yes, Yes. All ethnic groups in New Zealand exhibit socio-economic mortality gradients. The gradient is steeper for Māori than for non-Māori.,1,0
Can normal knee kinematics be restored with unicompartmental knee replacement?,no,yes, Yes. The goal of unicompartmental knee replacement is to restore normal knee kinematics.,0,0
Are serum leptin levels a prognostic factor in advanced lung cancer?,no,yes, Yes. Serum leptin levels are a prognostic factor in advanced lung cancer. Patients with higher serum leptin levels have a worse prognosis than those with lower levels. This is because leptin has been shown to promote tumor growth and metastasis in lung cancer cells.,0,0
Is fetal gender associated with emergency department visits for asthma during pregnancy?,no,no, No. Fetal gender is not associated with emergency department visits for asthma during pregnancy. This is because asthma is a maternal condition and fetal gender does not influence maternal asthma.,1,0
Stretch-sensitive KCNQ1 mutation A link between genetic and environmental factors in the pathogenesis of atrial fibrillation?,yes,yes," Yes. The KCNQ1 gene encodes the alpha subunit of the M-current potassium channel, which is a stretch-sensitive ion channel. Mutations in this gene have been associated with long QT syndrome, a condition that predisposes to arrhythmias. Atrial fibrillation is a type of arrhythmia, and it is well known that it",1,0
Are adult body circumferences associated with height?,yes,yes," Yes. Adult body circumferences are associated with height. This is because height is a major determinant of body size. In addition, height is correlated with other body circumferences, such as waist circumference and hip circumference.",1,0
Would corrected QT dispersion predict left ventricular hypertrophy in hypertensive patients?,yes,yes, Yes. Corrected QT dispersion is a marker of ventricular repolarization heterogeneity and is associated with left ventricular hypertrophy in hypertensive patients.,1,0
Traumatic aortic injury: does the anatomy of the aortic arch influence aortic trauma severity?,yes,yes, Yes. The aortic arch anatomy influences the aortic trauma severity. The aortic arch anatomy influences the aortic trauma severity. The aortic arch anatomy influences the aortic trauma severity. The aortic arch anatomy influences the aortic trauma severity. The aortic arch anatomy influences the,1,0
Inpatient versus outpatient management of neutropenic fever in gynecologic oncology patients: is risk stratification useful?,yes,yes, Yes. Risk stratification is useful in identifying patients who are at high risk of developing serious infections and who may benefit from inpatient management.,1,0
Should chest wall irradiation be included after mastectomy and negative node breast cancer?,maybe,yes," Yes. Chest wall irradiation is indicated in patients with stage III breast cancer. It is also indicated in patients with stage II breast cancer and negative nodes, if the tumor is > 5 cm or if there is a high grade or positive resection margins.",0,0
Can bisphosphonate treatment be stopped in a growing child with skeletal fragility?,maybe,yes, Yes.,0,0
"Regional anesthesia as compared with general anesthesia for surgery in geriatric patients with hip fracture: does it decrease morbidity, mortality, and health care costs?",no,yes, Yes. Regional anesthesia is associated with lower morbidity and mortality and lower health care costs than general anesthesia in geriatric patients with hip fracture. Justification: A recent meta-analysis of 10 randomized controlled trials showed that regional anesthesia was associated with lower morbidity and mortality and lower health care costs than general anest,0,0
Does blood pressure change in treated hypertensive patients depending on whether it is measured by a physician or a nurse?,yes,yes, Yes. Physicians are more careful when measuring blood pressure than nurses.,1,0
Treadmill testing of children who have spina bifida and are ambulatory: does peak oxygen uptake reflect maximum oxygen uptake?,yes,no, No. Children with spina bifida have a lower peak oxygen uptake than their maximum oxygen uptake. This is because their muscles tire before their lungs do.,0,0
Is the probability of prenatal diagnosis or termination of pregnancy different for fetuses with congenital anomalies conceived following assisted reproductive techniques?,no,yes, Yes. The probability of prenatal diagnosis or termination of pregnancy is higher for fetuses with congenital anomalies conceived following assisted reproductive techniques.,0,0
Is there a relationship between complex fractionated atrial electrograms recorded during atrial fibrillation and sinus rhythm fractionation?,no,yes, Yes. The complex fractionated atrial electrograms recorded during atrial fibrillation are related to the sinus rhythm fractionation.,0,0
Does rural or urban residence make a difference to neonatal outcome in premature birth?,yes,yes, Yes. Premature birth is more likely to result in neonatal death in rural areas than in urban areas.,1,0
Is the use of cyanoacrylate in intestinal anastomosis a good and reliable alternative?,yes,yes, Yes. Cyanoacrylate is a reliable alternative to sutures in intestinal anastomosis. It is easy to use and has a low risk of complications.,1,0
Is trabecular bone related to primary stability of miniscrews?,yes,yes," Yes. Trabecular bone is related to primary stability of miniscrews. The primary stability of miniscrews is related to the bone-to-implant contact area, which is related to the bone density. Trabecular bone has a lower bone density than cortical bone. Therefore, the primary stability of miniscrews is lower in trabecular bone than",1,0
"Is there any evidence of a ""July effect"" in patients undergoing major cancer surgery?",no,no, No. The July effect is a phenomenon in which patients admitted to hospital in July have a higher risk of death than those admitted in other months. This effect is thought to be due to staff shortages in August. There is no evidence that this phenomenon applies to patients undergoing major cancer surgery.,1,0
Is it necessary to insert a nasobiliary drainage tube routinely after endoscopic clearance of the common bile duct in patients with choledocholithiasis-induced cholangitis?,no,no, No. The placement of a nasobiliary drainage tube is not necessary after endoscopic clearance of the common bile duct in patients with choledocholithiasis-induced cholangitis. The placement of a nasobiliary drainage tube is not recommended in patients with cholangitis who have undergone endoscopic sphinct,1,0
Storage of vaccines in the community: weak link in the cold chain?,maybe,yes, Yes. The weak link in the cold chain is the storage of vaccines in the community. The vaccines are transported from the central store to the community health centers. The vaccines are then transported from the health centers to the villages. The vaccines are stored in the health centers and the villages.,0,0
Is the clinically positive axilla in breast cancer really a contraindication to sentinel lymph node biopsy?,no,no, No. The clinically positive axilla is not a contraindication to sentinel lymph node biopsy. The sentinel lymph node biopsy is a safe procedure and should be performed in patients with clinically positive axilla.,1,0
Convulsions and retinal haemorrhage: should we look further?,yes,yes, Yes.Convulsions and retinal haemorrhage are a common combination in infants with hypoxic ischaemic encephalopathy.,1,0
Are patients willing participants in the new wave of community-based medical education in regional and rural Australia?,yes,yes, Yes. Patients are willing participants in the new wave of community-based medical education in regional and rural Australia.,1,0
Can Flexible Instruments Create Adequate Femoral Tunnel Lengths at 90° of Knee Flexion in Anterior Cruciate Ligament Reconstruction?,yes,yes, Yes. The length of the femoral tunnel can be adjusted by the surgeon by changing the depth of the drill bit into the femoral cortex. This allows for the creation of a femoral tunnel length that is appropriate for the native anatomy of the patient.,1,0
Quality of life in lung cancer patients: does socioeconomic status matter?,yes,yes," Yes. Socioeconomic status is a well-known determinant of health outcomes. Lung cancer patients with lower socioeconomic status are more likely to have poorer quality of life due to limited access to healthcare, lower income, and higher levels of stress and anxiety.",1,0
Are Biochemical Markers of Bone Turnover Representative of Bone Histomorphometry in 370 Postmenopausal Women?,maybe,no, No. Biochemical markers of bone turnover are not representative of bone histomorphometry in 370 postmenopausal women. The correlation between bone histomorphometry and biochemical markers of bone turnover is weak and inconsistent.,0,0
Should early extubation be the goal for children after congenital cardiac surgery?,yes,yes, Yes. Early extubation is associated with lower morbidity and mortality.,1,0
Does delivery mode affect women's postpartum quality of life in rural China?,no,yes, Yes. Mode of delivery affects women's postpartum quality of life in rural China. The mode of delivery is related to the physical and mental health of women after delivery.,0,0
Menopausal hormone therapy and irregular endometrial bleeding: a potential role for uterine natural killer cells?,yes,yes, Yes. Menopausal hormone therapy is associated with a reduced risk of endometrial cancer. Uterine natural killer cells may play a role in this protective effect.,1,0
Percutaneous ethanol injection for benign cystic thyroid nodules: is aspiration of ethanol-mixed fluid advantageous?,no,no," No. The purpose of ethanol injection is to cause cystic fluid to mix with the ethanol, which then destroys the cyst wall. Aspiration of the cystic fluid before injection removes the target of the treatment.",1,0
Can the growth rate of a gallbladder polyp predict a neoplastic polyp?,no,no, No. The growth rate of a gallbladder polyp cannot predict a neoplastic polyp. The growth rate of a gallbladder polyp is not a reliable indicator of malignancy. The growth rate of a gallbladder polyp is not a reliable indicator of malignancy.,1,0
Are performance measurement systems useful?,yes,yes," Yes. Performance measurement systems are useful because they provide a quantitative assessment of the effectiveness of a program or intervention, which can be used to identify areas for improvement and make informed decisions about resource allocation.",1,0
Does para-cervical block offer additional advantages in abortion induction with gemeprost in the 2nd trimester?,yes,yes, Yes. It can reduce the risk of intra-abdominal infection.,1,0
Does insulin resistance drive the association between hyperglycemia and cardiovascular risk?,yes,no," No. Insulin resistance is a risk factor for cardiovascular disease, but it is not the mechanism by which hyperglycemia increases cardiovascular risk. The mechanism is through non-enzymatic glycation of proteins, which leads to the formation of advanced glycation end products (AGEs). AGEs are pro-inflammatory and pro",0,0
Are there risk factors that increase the rate of staple line leakage in patients undergoing primary sleeve gastrectomy for morbid obesity?,yes,yes," Yes. Risk factors for staple line leakage in patients undergoing primary sleeve gastrectomy for morbid obesity include: history of prior abdominal surgery, history of abdominal infection, and history of abdominal radiation.",1,0
Chronic functional somatic symptoms: a single syndrome?,no,no, No.,1,0
"Actinobaculum schaalii, a cause of urinary tract infections in children?",maybe,no," No. Actinobaculum schaalii is not a cause of urinary tract infections in children. Actinobaculum schaalii is a cause of infections in dogs and cats, but not in humans.",0,0
Prevalence of chronic conditions among Medicare Part A beneficiaries in 2008 and 2010: are Medicare beneficiaries getting sicker?,yes,yes," Yes. The prevalence of chronic conditions among Medicare beneficiaries is increasing. This trend is likely due to the aging of the population, as well as improvements in diagnosis and treatment of chronic conditions.",1,0
Does successful completion of the Perinatal Education Programme result in improved obstetric practice?,no,yes," Yes. Successful completion of the Perinatal Education Programme results in improved obstetric practice. This is because the programme is designed to improve the knowledge and skills of the participants, which in turn should lead to better obstetric practice.",0,0
Do patients with localized prostate cancer treatment really want more aggressive treatment?,no,no, No. Patients with localized prostate cancer generally do not want more aggressive treatment. They want treatment options that are proven to be effective and that fit their lifestyle.,1,0
Does music influence stress in mechanically ventilated patients?,no,yes, Yes. Music can reduce stress in mechanically ventilated patients.,0,0
Does reducing spasticity translate into functional benefit?,yes,yes," Yes. Spasticity is a known barrier to rehabilitation and functional improvement. Reducing spasticity can improve passive range of motion, and reduce pain and spasms, all of which can lead to improved function.",1,0
Is the holmium:YAG laser the best intracorporeal lithotripter for the ureter?,yes,yes, Yes. The holmium:YAG laser has the highest stone fragmentation rate of all intracorporeal lithotripsy modalities.,1,0
Metered-dose inhalers. Do health care providers know what to teach?,no,yes, Yes. Health care providers should be taught to demonstrate inhaler technique and to counsel patients on proper use.,0,0
Does the bracket-ligature combination affect the amount of orthodontic space closure over three months?,no,yes, Yes. The bracket-ligature combination affects the amount of orthodontic space closure over three months. The bracket-ligature combination is a mechanical factor that can affect the amount of orthodontic space closure.,0,0
Health habits and vaccination status of Lebanese residents: are future doctors applying the rules of prevention?,no,yes, Yes.,0,0
Does vaginal intraepithelial neoplasia have the same evolution as cervical intraepithelial neoplasia?,maybe,no, No. Vaginal intraepithelial neoplasia is not associated with human papillomavirus infection.,0,0
Should general practitioners call patients by their first names?,yes,yes, Yes. Calling patients by their first names is a sign of respect and equality. It is also a way to build rapport and trust between patients and their doctors.,1,0
Transesophageal echocardiographic assessment of left ventricular function in brain-dead patients: are marginally acceptable hearts suitable for transplantation?,yes,yes, Yes. Transesophageal echocardiography is a reliable method for assessing left ventricular function in brain-dead patients.,1,0
Attenuation of ischemia/reperfusion-induced ovarian damage in rats: does edaravone offer protection?,yes,yes, Yes. Edaravone is a free radical scavenger that has been shown to protect the ovary from ischemia/reperfusion injury in rats.,1,0
Does the National Institutes of Health Stroke Scale favor left hemisphere strokes?,yes,no, No. The National Institutes of Health Stroke Scale is a scale that assesses the severity of stroke. It does not favor one side of the brain over the other.,0,0
Can a Novel Surgical Approach to the Temporomandibular Joint Improve Access and Reduce Complications?,yes,yes, Yes. The novel surgical approach to the temporomandibular joint allows for improved access and reduced complications by avoiding the use of a surgical microscope and reducing the risk of facial nerve injury.,1,0
"Young-Burgess classification of pelvic ring fractures: does it predict mortality, transfusion requirements, and non-orthopaedic injuries?",maybe,no," No. The Young-Burgess classification of pelvic ring fractures does not predict mortality, transfusion requirements, and non-orthopaedic injuries. The Young-Burgess classification of pelvic ring fractures is a descriptive classification that does not consider the mechanism of injury or the patient’s physiological status. Therefore, it is not",0,0
Is vitamin D deficiency a feature of pediatric celiac disease?,no,yes, Yes. Vitamin D deficiency is a feature of pediatric celiac disease because of malabsorption.,0,0
Is unsafe sexual behaviour increasing among HIV-infected individuals?,no,yes, Yes. Unsafe sexual behaviour is a risk factor for HIV transmission.,0,0
Cholestasis associated with small bowel atresia: do we always need to investigate?,no,yes," Yes. Cholestasis associated with small bowel atresia is a rare but serious condition that requires prompt diagnosis and treatment. The presence of cholestasis in a neonate with small bowel atresia is a clear indication for further investigation, including imaging studies and liver function tests. The cause of cholestasis may be related to the obstruction of bile",0,0
Are financial incentives cost-effective to support smoking cessation during pregnancy?,yes,yes, Yes. Financial incentives are cost-effective to support smoking cessation during pregnancy. Financial incentives are a promising strategy to support smoking cessation during pregnancy.,1,0
Can medical students contribute to quality assurance programmes in day surgery?,yes,yes," Yes. Medical students can contribute to quality assurance programmes in day surgery by participating in the daily work of the day surgery unit, such as assisting in the preparation of patients for surgery, helping in the recovery room, and participating in patient follow-up.",1,0
Measurement of head and neck paragangliomas: is volumetric analysis worth the effort?,yes,yes, Yes. Volumetric analysis of head and neck paragangliomas is worth the effort because it is a useful tool for monitoring tumor response to treatment and predicting patient prognosis.,1,0
Three-dimensional ultrasound-validated large-core needle biopsy: is it a reliable method for the histological assessment of breast lesions?,yes,yes, Yes. Three-dimensional ultrasound-validated large-core needle biopsy is a reliable method for the histological assessment of breast lesions. The three-dimensional ultrasound-guided biopsy is a reliable method for the histological assessment of breast lesions.,1,0
Can bone thickness and inter-radicular space affect miniscrew placement in posterior mandibular sites?,no,yes, Yes. Bone thickness and inter-radicular space are important factors to consider when placing miniscrews in posterior mandibular sites.,0,0
Do general practice selection scores predict success at MRCGP?,yes,yes, Yes. General practice selection scores predict success at MRCGP.,1,0
The Deformity Angular Ratio: Does It Correlate With High-Risk Cases for Potential Spinal Cord Monitoring Alerts in Pediatric 3-Column Thoracic Spinal Deformity Corrective Surgery?,yes,yes," Yes. The Deformity Angular Ratio correlates with high-risk cases for potential spinal cord monitoring alerts in pediatric 3-column thoracic spinal deformity corrective surgery. The higher the deformity angular ratio, the higher the risk of spinal cord monitoring alerts.",1,0
Does age moderate the effect of personality disorder on coping style in psychiatric inpatients?,yes,yes, Yes. Older patients with personality disorder have a more active coping style than younger patients with personality disorder.,1,0
Autoxidation products of both carbohydrates and lipids are increased in uremic plasma: is there oxidative stress in uremia?,yes,yes, Yes. The increased oxidative stress in uremia is due to increased production of reactive oxygen species (ROS) and decreased antioxidant capacity.,1,0
Can 'high-risk' human papillomaviruses (HPVs) be detected in human breast milk?,no,yes, Yes.,0,0
Quaternary cytoreductive surgery in ovarian cancer: does surgical effort still matter?,yes,yes," Yes. The surgical effort still matters. The goal of surgery is to remove as much of the tumor as possible. This can be done by cytoreductive surgery, which is a type of surgery that is used to remove as much of the tumor as possible. The goal of cytoreductive surgery is to remove all visible tumor tissue, leaving behind only small amounts",1,0
Chemotherapy and survival in advanced non-small cell lung carcinoma: is pneumologists' skepticism justified?,no,yes," Yes. The evidence for the benefit of chemotherapy in advanced NSCLC is weak. The largest trial, the ECOG 1594 trial, was stopped early due to lack of efficacy. The median survival was only 2.9 months in the chemotherapy arm compared to 2.5 months in the observation arm.",0,0
Does topical ropivacaine reduce the post-tonsillectomy morbidity in pediatric patients?,yes,yes, Yes. Topical ropivacaine reduces the post-tonsillectomy morbidity in pediatric patients by decreasing the need for analgesics and reducing the incidence of nausea and vomiting.,1,0
Is pain a clinically relevant problem in general adult psychiatry?,yes,yes, Yes. Pain is a common and under-recognized problem in psychiatric patients.,1,0
Does concomitant anterior/apical repair during midurethral sling improve the overactive bladder component of mixed incontinence?,no,no," No. There is no evidence that concomitant anterior/apical repair during midurethral sling improves the overactive bladder component of mixed incontinence. The overactive bladder component of mixed incontinence is treated with behavioral therapy, antimuscarinic drugs, and/or botulinum toxin injection.",1,0
Does the use of atypical antipsychotics as adjunctive therapy in depression result in cost savings?,no,yes, Yes. The use of atypical antipsychotics as adjunctive therapy in depression results in cost savings. The use of atypical antipsychotics as adjunctive therapy in depression results in cost savings by reducing the need for hospitalization and emergency room visits.,0,0
Can patients be anticoagulated after intracerebral hemorrhage?,maybe,yes," Yes. Intracerebral hemorrhage is a contraindication to anticoagulation only if the patient is already anticoagulated. If the patient is not anticoagulated, then anticoagulation can be considered.",0,0
Diagnostic and therapeutic ureteroscopy: is dilatation of ureteral meatus always necessary?,no,no," No. In some cases, dilatation of ureteral meatus is not necessary. For example, if the ureteral meatus is not stenosed, dilatation is not necessary. In addition, if the ureteral meatus is stenosed but the stenosis is not severe, dilatation is not necessary.",1,0
Does managed care enable more low income persons to identify a usual source of care?,maybe,yes, Yes. Managed care enables more low income persons to identify a usual source of care because of the lower cost of care.,0,0
"Knee extensor strength, dynamic stability, and functional ambulation: are they related in Parkinson's disease?",yes,yes," Yes. Knee extensor strength is a predictor of dynamic stability, which is a predictor of functional ambulation.",1,0
"Is distance to provider a barrier to care for medicaid patients with breast, colorectal, or lung cancer?",no,yes," Yes. Distance to provider is a barrier to care for Medicaid patients with breast, colorectal, or lung cancer. Medicaid patients with cancer have worse outcomes than privately insured patients, and distance to care is a known barrier to care for all populations.",0,0
Can folic acid protect against congenital heart defects in Down syndrome?,no,yes," Yes. Folic acid supplementation can reduce the risk of congenital heart defects in Down syndrome pregnancies. This is because folic acid helps to prevent chromosomal abnormalities, including trisomy of chromosome 21, which is the cause of Down syndrome.",0,0
Are there mental health differences between francophone and non-francophone populations in manitoba?,maybe,yes, Yes.,0,0
Does type 1 diabetes mellitus affect Achilles tendon response to a 10 km run?,no,yes, Yes. Type 1 diabetes mellitus is associated with a reduced Achilles tendon response to a 10 km run. This is because of impaired tendon viscoelastic properties and reduced tendon vascularity.,0,0
Fragility of the esophageal mucosa: a pathognomonic endoscopic sign of primary eosinophilic esophagitis?,yes,no, No. Fragility of the esophageal mucosa is not a pathognomonic endoscopic sign of primary eosinophilic esophagitis. The fragility of the esophageal mucosa is a pathognomonic endoscopic sign of eosinophilic esophagitis only if it is associated with other,0,0
Does cup-cage reconstruction with oversized cups provide initial stability in THA for osteoporotic acetabular fractures?,yes,yes, Yes. Oversized cups provide initial stability in THA for osteoporotic acetabular fractures. The oversized cup is fixed by the press-fit technique and the bone cement.,1,0
Pulmonary valve replacement in adults late after repair of tetralogy of fallot: are we operating too late?,yes,yes, Yes. The optimal time for pulmonary valve replacement in adults late after repair of tetralogy of fallot is before right ventricular failure develops. This is because right ventricular failure is irreversible.,1,0
Xanthogranulomatous cholecystitis: a premalignant condition?,no,yes," Yes. Xanthogranulomatous cholecystitis is a chronic inflammatory condition of the gallbladder that is associated with a high risk of gallbladder cancer. The condition is characterized by the presence of xanthomatous cells, granulomas, and sclerosis of the gallbladder wall. The exact pathogenesis",0,0
Does TDP-43 type confer a distinct pattern of atrophy in frontotemporal lobar degeneration?,yes,yes," Yes. TDP-43 type FTLD is associated with atrophy in the frontal and temporal lobes, while TDP-43 type FTLD is associated with atrophy in the frontal and temporal lobes, as well as the parietal and occipital lobes.",1,0
Is oncoplastic surgery a contraindication for accelerated partial breast radiation using the interstitial multicatheter brachytherapy method?,maybe,no," No. Oncoplastic surgery does not contraindicate the use of accelerated partial breast radiation using the interstitial multicatheter brachytherapy method. The oncoplastic surgery is a surgical technique that allows the preservation of the breast, while the accelerated partial breast radiation using the interstitial multicatheter brachy",0,0
"Diagnostic characteristics of child bipolar I disorder: does the ""Treatment of Early Age Mania (team)"" sample generalize?",yes,no," No. The ""Treatment of Early Age Mania (team)"" sample is not representative of the general population of children with bipolar I disorder. The ""Treatment of Early Age Mania (team)"" sample is a highly selected group of children who were referred for treatment of bipolar I disorder. This group of children is likely to have more severe symptoms and a higher preval",0,0
Estimation of basal metabolic rate in Chinese: are the current prediction equations applicable?,yes,yes, Yes. The current prediction equations are applicable to Chinese. The prediction equations developed by Henry et al. in 1991 are applicable to Chinese.,1,0
Does rugby headgear prevent concussion?,maybe,no," No. Rugby headgear does not prevent concussion. In fact, headgear may actually increase the risk of concussion by encouraging players to play through injuries and by giving a false sense of security.",0,0
Spinal subdural hematoma: a sequela of a ruptured intracranial aneurysm?,yes,no, No. Spinal subdural hematoma is not a sequela of a ruptured intracranial aneurysm. Spinal subdural hematoma is a sequela of spinal trauma. Intracranial aneurysms are vascular lesions of the brain.,0,0
Can shape analysis differentiate free-floating internal carotid artery thrombus from atherosclerotic plaque in patients evaluated with CTA for stroke or transient ischemic attack?,yes,yes, Yes. The shape of the lumen of the internal carotid artery is more circular in atherosclerotic plaque than in free-floating thrombus. The shape of the lumen of the internal carotid artery is more oval in free-floating thrombus than in atherosclerotic plaque.,1,0
Dementia and aphasia in motor neuron disease: an underrecognised association?,yes,yes, Yes. The prevalence of dementia and aphasia in motor neuron disease is underestimated.,1,0
Does solid culture for tuberculosis influence clinical decision making in India?,maybe,yes," Yes. Solid culture for tuberculosis is the standard diagnostic test in India. It is used to diagnose tuberculosis and to monitor treatment response. The results of solid culture can influence clinical decision making, such as the choice of antibiotic treatment.",0,0
Diffusion-weighted echo-planar MR imaging of primary parotid gland tumors: is a prediction of different histologic subtypes possible?,yes,yes, Yes. The histologic subtype of parotid gland tumors can be predicted by diffusion-weighted echo-planar MR imaging. The histologic subtype of parotid gland tumors can be predicted by diffusion-weighted echo-planar MR imaging.,1,0
Is there a role for endothelin-1 in the hemodynamic changes during hemodialysis?,maybe,yes," Yes. Endothelin-1 is released from endothelial cells in response to hypoxia, inflammation, and vasoconstrictors. It is also released from red blood cells in response to hypoxia. Endothelin-1 is a potent vasoconstrictor and can cause vasospasm. Hemodialysis can cause hypoxia and inflammation",0,0
Do risk factors for suicidal behavior differ by affective disorder polarity?,no,yes, Yes.,0,0
Multidisciplinary breast cancer clinics. Do they work?,yes,yes, Yes. They work. They are the standard of care.,1,0
Is the international normalised ratio (INR) reliable?,maybe,yes, Yes. INR is a reliable measure of the anticoagulant effect of warfarin. It is calculated as the ratio of the prothrombin time of a patient on warfarin therapy to the prothrombin time of a normal control. INR is widely used to monitor the effectiveness of warfarin therapy and to guide dosing. It is a standardised measure,0,0
"Are there associations of health status, disease activity and damage in SLE patients?",yes,yes," Yes. Health status and disease activity are associated with each other, and both are associated with damage.",1,0
PSA repeatedly fluctuating levels are reassuring enough to avoid biopsy?,no,no, No. PSA fluctuation is not a reliable indicator of benign prostatic hyperplasia.,1,0
Is zero central line-associated bloodstream infection rate sustainable?,yes,no, No. Zero central line-associated bloodstream infection rate is not sustainable because it is not realistic to achieve and sustain zero central line-associated bloodstream infections.,0,0
"Is gastric electrical stimulation superior to standard pharmacologic therapy in improving GI symptoms, healthcare resources, and long-term health care benefits?",yes,yes," Yes. Gastric electrical stimulation is superior to standard pharmacologic therapy in improving GI symptoms, healthcare resources, and long-term health care benefits.",1,0
Should pulp chamber pulpotomy be seen as a permanent treatment?,no,no, No. The treatment is not permanent because it is a procedure that aims to preserve the pulp vitality and the tooth until the pulp is fully developed.,1,0
Does transverse apex coincide with coronal apex levels (regional or global) in adolescent idiopathic scoliosis?,no,no," No. Transverse apex coincides with coronal apex levels in only 10% of the cases. In the remaining 90% of the cases, transverse apex is located anterior to coronal apex. This is due to the fact that the transverse apex is located at the level of the vertebral body, while the",1,0
Does the Child Health Computing System adequately identify children with cerebral palsy?,no,yes," Yes. The Child Health Computing System uses a series of questions to identify children with cerebral palsy. The questions are based on the International Classification of Functioning, Disability, and Health (ICF) and the Surveillance of Cerebral Palsy in Europe (SCPE) questionnaire. The questions are designed to identify children with cerebral p",0,0
Are we seeing the effects of public awareness campaigns?,maybe,yes, Yes. Public awareness campaigns have been shown to be effective in increasing public knowledge and changing behavior.,0,0
Is breast cancer prognosis inherited?,yes,yes," Yes. Breast cancer prognosis is inherited. The risk of breast cancer is influenced by a combination of genetic and environmental factors. Genetic factors account for approximately 50% of the risk of breast cancer. Certain genes, such as BRCA1 and BRCA2, have been identified as increasing the risk of breast cancer. These genes are passed down through families and can be inherited by",1,0
Does nuchal translucency thickness in the first trimester predict GDM onset during pregnancy?,no,yes, Yes. Nuchal translucency thickness in the first trimester is a predictor of GDM onset during pregnancy.,0,0
Are the arginine vasopressin V1a receptor microsatellites related to hypersexuality in children with a prepubertal and early adolescent bipolar disorder phenotype?,no,no, No. The arginine vasopressin V1a receptor microsatellites are not related to hypersexuality in children with a prepubertal and early adolescent bipolar disorder phenotype. The hypersexuality in children with a prepubertal and early adolescent bipolar disorder phenotype is related to the dopamine D2 receptor,1,0
Stage I non-small cell lung carcinoma: really an early stage?,no,no," No. Stage I non-small cell lung cancer is not an early stage. The 5-year survival rate for Stage I non-small cell lung cancer is 68% . This is not a high rate. The 5-year survival rate for Stage I breast cancer is 98% . This is a high rate. Therefore, Stage I non-small cell lung cancer is",1,0
Does Residency Selection Criteria Predict Performance in Orthopaedic Surgery Residency?,yes,yes, Yes.,1,0
Optimism and survival: does an optimistic outlook predict better survival at advanced ages?,yes,yes, Yes. Optimism is associated with better health and lower mortality.,1,0
Is it better to be big?,no,yes, Yes. The bigger the better. The bigger the better because the bigger the better.,0,0
Is arch form influenced by sagittal molar relationship or Bolton tooth-size discrepancy?,no,yes, Yes. The sagittal molar relationship and Bolton tooth-size discrepancy can influence the arch form.,0,0
Cold knife conization vs. LEEP. Are they the same procedure?,no,no," No. They are different procedures. Cold knife conization is performed with a surgical knife, while LEEP is performed with an electrosurgical unit.",1,0
Are pectins involved in cold acclimation and de-acclimation of winter oil-seed rape plants?,yes,yes, Yes. Pectins are involved in cold acclimation and de-acclimation of winter oil-seed rape plants. The pectin content in the cell wall of winter oil-seed rape plants increases during cold acclimation and decreases during de-acclimation. The increase in pectin content during cold acclimation may strengthen the cell wall and protect the plant from,1,0
Updating emotional content in working memory: a depression-specific deficit?,yes,no, No. Updating emotional content in working memory is not a depression-specific deficit. This is because depression is not a specific deficit.,0,0
Does ultrasound imaging before puncture facilitate internal jugular vein cannulation?,maybe,yes, Yes. Ultrasound imaging before puncture facilitates internal jugular vein cannulation. Justification: Ultrasound imaging before puncture can help to identify the internal jugular vein and avoid puncture of the carotid artery.,0,0
Should prostate specific antigen be adjusted for body mass index?,no,yes, Yes. Prostate specific antigen is a prognostic marker for prostate cancer. Adjusting prostate specific antigen for body mass index would improve its prognostic value.,0,0
Does obstructive sleep apnea affect aerobic fitness?,maybe,yes," Yes. Obstructive sleep apnea can cause intermittent hypoxemia, which can lead to decreased aerobic fitness.",0,0
The effect of an intracerebroventricular injection of metformin or AICAR on the plasma concentrations of melatonin in the ewe: potential involvement of AMPK?,yes,yes, Yes. The effect of an intracerebroventricular injection of metformin or AICAR on the plasma concentrations of melatonin in the ewe: potential involvement of AMPK?,1,0
Literacy after cerebral hemispherectomy: Can the isolated right hemisphere read?,yes,no, No. The right hemisphere is not capable of reading. Reading is a left hemisphere function.,0,0
Characterization of the gender dimorphism after injury and hemorrhagic shock: are hormonal differences responsible?,no,yes, Yes. Hormonal differences are responsible for the gender dimorphism after injury and hemorrhagic shock.,0,0
Can communication with terminally ill patients be taught?,yes,yes, Yes. Communication with terminally ill patients can be taught. It is important to teach communication skills to medical students and health care professionals to improve the quality of care and the patient experience.,1,0
Delays in time to primary treatment after a diagnosis of breast cancer: does it impact survival?,no,yes, Yes. Delays in time to primary treatment after a diagnosis of breast cancer have been shown to impact survival. This is because delays in treatment can lead to the progression of the disease and the development of metastasis.,0,0
Are increased carotid artery pulsatility and resistance indexes early signs of vascular abnormalities in young obese males?,yes,yes," Yes. Increased carotid artery pulsatility and resistance indexes are early signs of vascular abnormalities in young obese males. This is because obesity is associated with increased arterial stiffness and vascular resistance, which can lead to increased pulsatility and resistance indexes.",1,0
Are acceptance rates of a national preventive home visit programme for older people socially imbalanced?,yes,yes," Yes. The acceptance rate is higher in the more affluent municipalities than in the more deprived municipalities. This is probably because the more affluent municipalities have a higher proportion of older people with a higher socioeconomic status, who are more likely to accept the programme.",1,0
Does open access publishing increase the impact of scientific articles?,yes,yes," Yes. Open access publishing increases the visibility of scientific articles, which increases their impact.",1,0
In vivo visualization of pyloric mucosal hypertrophy in infants with hypertrophic pyloric stenosis: is there an etiologic role?,yes,yes, Yes. The etiologic role of in vivo visualization of pyloric mucosal hypertrophy in infants with hypertrophic pyloric stenosis is not clear.,1,0
Does the early adopter of drugs exist?,no,yes, Yes. The early adopter of drugs exists. The early adopter of drugs is a person who is the first to use a new drug. The early adopter of drugs is a person who is the first to use a new drug. The early adopter of drugs is a person who is the first to use a new drug. The early adopter of drugs is a person who is the first,0,0
Does high blood pressure reduce the risk of chronic low back pain?,yes,no," No. High blood pressure is a risk factor for cardiovascular disease, but it does not cause chronic low back pain.",0,0
Does responsibility affect the public's valuation of health care interventions?,maybe,yes, Yes. Responsibility is a factor that affects the public's valuation of health care interventions.,0,0
Nasal fractures:  is closed reduction satisfying?,yes,yes, Yes. Closed reduction is the standard treatment for nasal fractures. It is effective in restoring the normal shape and position of the nose.,1,0
"Do improvements in outreach, clinical, and family and community-based services predict improvements in child survival?",yes,yes," Yes. Improvements in outreach, clinical, and family and community-based services are likely to improve child survival.",1,0
Does spontaneous remission occur in polyarteritis nodosa?,yes,yes," Yes. Spontaneous remission occurs in polyarteritis nodosa. The exact mechanism is unknown, but it is thought to be related to the body's own immune regulation.",1,0
Gluten tolerance in adult patients with celiac disease 20 years after diagnosis?,maybe,no," No. The diagnosis of celiac disease is based on the presence of small intestinal mucosal villous atrophy and intraepithelial lymphocytosis, which are permanent after diagnosis.",0,0
Do symptoms predict COPD in smokers?,no,yes, Yes. Symptoms are the most important predictor of COPD in smokers.,0,0
Search engine as a diagnostic tool in difficult immunological and allergologic cases: is Google useful?,yes,yes, Yes. Google can be useful in difficult immunological and allergologic cases.,1,0
Uniformity of evidence-based treatments in practice?,yes,yes, Yes. Evidence-based treatments are usually recommended by medical guidelines and are widely accepted by medical professionals.,1,0
Do approved doctors and medical referees in the UK agree when assessing a seafarer's fitness?,no,no, No.,1,0
Hepatorenal syndrome: are we missing some prognostic factors?,yes,yes," Yes. The prognostic factors for hepatorenal syndrome are not limited to the model of endothelial dysfunction, but also include the degree of liver function damage, the degree of portal hypertension, and the degree of renal dysfunction.",1,0
Vaginal dose assessment in image-guided brachytherapy for cervical cancer: Can we really rely on dose-point evaluation?,maybe,no, No. The dose-point evaluation is not reliable because it is based on a point measurement that does not take into account the heterogeneity of the dose distribution in the target volume.,0,0
Prescriptions as a proxy for asthma in children: a good choice?,no,yes, Yes. Prescriptions are a good proxy for asthma in children.,0,0
Does the familial transmission of drinking patterns persist into young adulthood?,maybe,yes, Yes.,0,0
Proof of concept study: does fenofibrate have a role in sleep apnoea syndrome?,yes,yes," Yes. Fenofibrate is a PPAR-α agonist and has been shown to reduce the severity of sleep apnoea in animal models. It is also used in humans to treat hypertriglyceridaemia, which is a common comorbidity of sleep apnoea.",1,0
Can mental imagery functional magnetic resonance imaging predict recovery in patients with disorders of consciousness?,yes,yes, Yes. Mental imagery fMRI can predict recovery in patients with disorders of consciousness. Patients with disorders of consciousness who are able to generate mental imagery in response to verbal cues have a higher probability of recovery than those who are not able to generate mental imagery.,1,0
The nurse cystoscopist: a feasible option?,yes,yes, Yes. The nurse cystoscopist is a feasible option. The nurse cystoscopist can be trained to perform cystoscopy and biopsy of the bladder. The nurse cystoscopist can also be trained to perform cystoscopy and biopsy of the prostate.,1,0
Is cardiovascular evaluation necessary prior to and during beta-blocker therapy for infantile hemangiomas?,no,yes, Yes. Cardiovascular evaluation is necessary prior to and during beta-blocker therapy for infantile hemangiomas to monitor for cardiovascular side effects.,0,0
Is specialty care associated with improved survival of patients with congestive heart failure?,yes,yes, Yes. Specialty care is associated with improved survival of patients with congestive heart failure. Justification: Patients with congestive heart failure who receive care from cardiologists have better survival rates than those who receive care from non-cardiologists.,1,0
Can the prognosis of polymyalgia rheumatica be predicted at disease onset?,yes,yes, Yes.The prognosis of polymyalgia rheumatica can be predicted at disease onset by measuring the erythrocyte sedimentation rate (ESR) and C-reactive protein (CRP) levels.,1,0
