model,question,gold,answer,correct,raw_output
mistral,Do mitochondria play a role in remodelling lace plant leaves during programmed cell death?,yes,maybe,0,"Maybe

Justification: The context mentions that mitochondria are involved in programmed cell death, but it does not specifically state that they play a role in remodelling lace plant leaves during this process."
mistral,Landolt C and snellen e acuity: differences in strabismus amblyopia?,no,maybe,0,"Maybe

Justification: The context does not provide a direct comparison between Landolt C and Snellen E acuity in strabismus amblyopia, but it does mention that both tests are used to assess visual acuity in ambly"
mistral,"Syncope during bathing in infants, a pediatric form of water-induced urticaria?",yes,maybe,0,"Maybe

Justification: The context mentions that the infant's syncope during bathing could be due to water-induced urticaria, but it also suggests that other causes such as hypoglycemia or card"
mistral,Are the long-term results of the transanal pull-through equal to those of the transabdominal pull-through?,no,maybe,0,"Maybe

Justification: The text states that both methods have shown good results in the short term, but the long-term results of the transanal pull-through are not as well-established as those of the transabdominal"
mistral,Can tailored interventions increase mammography use among HMO women?,yes,yes,1,"Yes

Justification: The context mentions that the study found that tailored interventions significantly increased mammography use among HMO women."
mistral,Double balloon enteroscopy: is it efficacious and safe in a community setting?,yes,maybe,0,"Maybe

Justification: The context states that double balloon enteroscopy (DBE) is a technique that has been shown to be effective and safe in the hands of experienced endoscopists, but the safety and efficacy of"
mistral,30-Day and 1-year mortality in emergency general surgery laparotomies: an area of concern and need for improvement?,maybe,yes,0,"Yes

Justification: The text states that ""30-day mortality was 11.4% and 1-year mortality was 21.4%"", indicating that both short-term and long-term mort"
mistral,Is adjustment for reporting heterogeneity necessary in sleep disorders?,no,yes,0,"Yes

Justification: The study mentions that there is a high degree of heterogeneity in the reporting of sleep disorders, necessitating adjustment for this factor."
mistral,Do mutations causing low HDL-C promote increased carotid intima-media thickness?,no,maybe,0,"Maybe

Justification: The text mentions that mutations in the APOA5 gene, which is associated with low HDL-C levels, have been linked to increased carotid intima-media thickness in some studies, but"
mistral,A short stay or 23-hour ward in a general and academic children's hospital: are they effective?,yes,maybe,0,"Maybe

Justification: The context mentions that the 23-hour stay was implemented to reduce unnecessary admissions, but it also states that the hospital is still evaluating its effectiveness."
mistral,Did Chile's traffic law reform push police enforcement?,yes,yes,1,"Yes

Justification: The text mentions that the reform included ""increased penalties for traffic violations"" and ""strengthened police enforcement."""
mistral,Therapeutic anticoagulation in the trauma patient: is it safe?,no,maybe,0,"Maybe

Justification: The context discusses the potential benefits and risks of therapeutic anticoagulation in trauma patients, suggesting that while it may be beneficial in certain situations, it also carries risks, such as increased bleeding."
mistral,Differentiation of nonalcoholic from alcoholic steatohepatitis: are routine laboratory markers useful?,yes,maybe,0,"Maybe

Justification: The context suggests that while routine laboratory markers such as AST, ALT, and GGT can be elevated in both conditions, they are not specific enough to definitively differentiate between nonalcoholic and"
mistral,Prompting Primary Care Providers about Increased Patient Risk As a Result of Family History: Does It Work?,no,yes,0,"Yes

Justification: The study shows that primary care providers who were prompted about family history of breast cancer were more likely to discuss the risk with their patients."
mistral,Do emergency ultrasound fellowship programs impact emergency medicine residents' ultrasound education?,yes,yes,1,"Yes

Justification: The context mentions that the fellowship programs are designed to provide additional training in ultrasound for emergency medicine residents, implying that they do impact their ultrasound education."
mistral,Patient-Controlled Therapy of Breathlessness in Palliative Care: A New Therapeutic Concept for Opioid Administration?,yes,maybe,0,"Maybe

Justification: The article discusses a new concept for opioid administration, but it is not explicitly stated that this is only for breathlessness in palliative care."
mistral,Is there still a need for living-related liver transplantation in children?,yes,yes,1,"Yes

Justification: The text states that ""Living-related liver transplantation is still considered the best option for children with end-stage liver disease who do not have a suitable deceased donor."" (line 11-"
mistral,Do patterns of knowledge and attitudes exist among unvaccinated seniors?,yes,yes,1,"Yes

Justification: The text states that ""unvaccinated seniors tend to have different patterns of knowledge and attitudes about vaccines compared to vaccinated seniors."""
mistral,Is there a model to teach and practice retroperitoneoscopic nephrectomy?,yes,yes,1,"Yes

Justification: The text mentions that the authors have developed a model for teaching and practicing retroperitoneoscopic nephrectomy."
mistral,Cardiovascular risk in a rural adult West African population: is resting heart rate also relevant?,yes,yes,1,"Yes

Justification: The study found that resting heart rate was significantly associated with cardiovascular risk in the rural adult West African population."
mistral,Israeli hospital preparedness for terrorism-related multiple casualty incidents: can the surge capacity and injury severity distribution be better predicted?,yes,maybe,0,"Maybe

Justification: The context mentions that the study aims to improve the prediction of surge capacity and injury severity distribution in Israeli hospitals during terrorism-related multiple casualty incidents, suggesting that there is room for improvement in the current predict"
mistral,Acute respiratory distress syndrome in children with malignancy--can we predict outcome?,yes,maybe,0,"Maybe

Justification: The study suggests that the Pediatric Risk of Mortality (PRISM) score can predict the outcome of Acute Respiratory Distress Syndrome (ARDS) in children with malign"
mistral,Secondhand smoke risk in infants discharged from an NICU: potential for significant health disparities?,yes,yes,1,"Yes

Justification: The context mentions that secondhand smoke exposure can lead to respiratory infections and other health problems in infants, which can exacerbate existing health issues and potentially contribute to health disparities."
mistral,Do nomograms designed to predict biochemical recurrence (BCR) do a better job of predicting more clinically relevant prostate cancer outcomes than BCR?,yes,maybe,0,"Maybe

Justification: The context mentions that nomograms designed to predict BCR can incorporate additional factors such as Gleason score, PSA level, and age, which may be more clinically relevant than BCR alone. However,"
mistral,Are reports of mechanical dysfunction in chronic oro-facial pain related to somatisation?,yes,maybe,0,"Maybe

Justification: The text mentions that some patients with chronic oro-facial pain have been found to have mechanical dysfunction, but it also suggests that these mechanical dysfunctions may be related to psychological factors such as somatisation"
mistral,Amblyopia: is visual loss permanent?,no,maybe,0,"Maybe

Justification: The text mentions that amblyopia is a condition that can be treated, but it also states that if left untreated, it can lead to permanent visual loss."
mistral,Implementation of epidural analgesia for labor: is the standard of effective analgesia reachable in all women?,yes,maybe,0,"Maybe

Justification: The context mentions that the effectiveness of epidural analgesia can vary among women, and some may require additional doses or adjustments to achieve effective analgesia."
mistral,Does HER2 immunoreactivity provide prognostic information in locally advanced urothelial carcinoma patients receiving adjuvant M-VEC chemotherapy?,maybe,maybe,1,"Maybe

Justification: The context states that HER2 immunoreactivity was associated with a trend towards improved disease-free survival in patients receiving adjuvant M-VEC chemotherapy, but the difference was not statistically significant."
mistral,Is halofantrine ototoxic?,yes,maybe,0,"Maybe

Justification: The context mentions that halofantrine can cause hearing loss, but it also states that this is a rare side effect, suggesting that it may not always be ototoxic."
mistral,Visceral adipose tissue area measurement at a single level: can it represent visceral adipose tissue volume?,yes,maybe,0,"Maybe

Justification: The context states that visceral adipose tissue area measurement at a single level is a surrogate for visceral adipose tissue volume, but it is not explicitly stated that it can fully represent it"
mistral,Necrotizing fasciitis: an indication for hyperbaric oxygenation therapy?,no,maybe,0,"Maybe

Justification: The patient in the context is described as having ""necrotizing fasciitis"" and ""severe sepsis"", which are conditions that may benefit from hyperbaric oxygenation therapy, but the therapy is"
mistral,Is the Hawkins sign able to predict necrosis in fractures of the neck of the astragalus?,maybe,yes,0,"Yes

Justification: The text states that the Hawkins sign is used to predict necrosis in fractures of the neck of the astragalus."
mistral,Is a mandatory general surgery rotation necessary in the surgical clerkship?,no,yes,0,"Yes

Justification: The context states that the surgical clerkship includes a mandatory general surgery rotation."
mistral,Is Acupuncture Efficacious for Treating Phonotraumatic Vocal Pathologies?,yes,maybe,0,"Maybe

Justification: The context mentions that acupuncture is a promising treatment for phonotraumatic vocal pathologies, but it also states that more research is needed to confirm its efficacy."
mistral,Is aneurysm repair justified for the patients aged 80 or older after aneurysmal subarachnoid hemorrhage?,yes,maybe,0,"Maybe

Justification: The study suggests that the outcomes for patients aged 80 or older are worse than for younger patients, but some patients may still benefit from aneurysm repair."
mistral,Do general practice characteristics influence uptake of an information technology (IT) innovation in primary care?,no,yes,0,"Yes

Justification: The context mentions that the study found that general practice characteristics, such as the size of the practice and the level of IT use, significantly influence the uptake of an IT innovation in primary care."
mistral,Prognosis of well differentiated small hepatocellular carcinoma--is well differentiated hepatocellular carcinoma clinically early cancer?,no,maybe,0,"Maybe

Justification: The context mentions that well differentiated small hepatocellular carcinoma is a clinically early cancer in some cases, but it does not specify that it is always clinically early cancer."
mistral,Do follow-up recommendations for abnormal Papanicolaou smears influence patient adherence?,no,yes,0,"Yes

Justification: The text states that ""follow-up recommendations for abnormal Papanicolaou smears are important for improving patient adherence."""
mistral,Biomolecular identification of allergenic pollen: a new perspective for aerobiological monitoring?,yes,yes,1,"Yes

Justification: The context discusses a new method for identifying allergenic pollen using biomolecular techniques, which could potentially improve the accuracy and specificity of aerobiological monitoring."
mistral,Does diabetes mellitus influence the efficacy of FDG-PET in the diagnosis of cervical cancer?,no,maybe,0,"Maybe

Justification: The text mentions that FDG-PET can be affected by diabetes mellitus, but it also states that the impact is not significant enough to affect the diagnosis of cervical cancer in most cases"
mistral,Biomechanical and wound healing characteristics of corneas after excimer laser keratorefractive surgery: is there a difference between advanced surface ablation and sub-Bowman's keratomileusis?,yes,maybe,0,"Maybe

Justification: The text mentions that both methods have different biomechanical and wound healing characteristics, but it does not provide enough information to definitively say whether one is better than the other."
mistral,Does radiotherapy of the primary rectal cancer affect prognosis after pelvic exenteration for recurrent rectal cancer?,yes,maybe,0,"Maybe

Justification: The context mentions that radiotherapy of the primary rectal cancer may have a positive effect on prognosis, but it also states that the role of radiotherapy in this context is still controversial."
mistral,Can a practicing surgeon detect early lymphedema reliably?,maybe,maybe,1,"Maybe

Justification: The context mentions that the surgeon can detect lymphedema, but it also mentions that the surgeon's detection is not always reliable, as it depends on the stage of the lymp"
mistral,Colorectal cancer with synchronous liver metastases: does global management at the same centre improve results?,no,maybe,0,"Maybe

Justification: The study suggests that global management at the same centre may lead to improved outcomes, but the results are not definitive due to the small sample size and potential selection bias."
mistral,Is motion perception deficit in schizophrenia a consequence of eye-tracking abnormality?,yes,maybe,0,"Maybe

Justification: The text mentions that eye-tracking abnormalities are associated with motion perception deficits in schizophrenia, but it also suggests that the relationship is complex and may involve other factors as well."
mistral,Transgastric endoscopic splenectomy: is it possible?,yes,yes,1,"Yes

Justification: The text mentions that transgastric endoscopic splenectomy has been performed in a pig model."
mistral,It's Fournier's gangrene still dangerous?,yes,yes,1,"Yes, Fournier's gangrene is still dangerous because it can lead to severe complications and even death if not treated promptly and effectively.

Reference(s):
The context mentions that Fournier's gangrene"
mistral,Is it appropriate to implant kidneys from elderly donors in young recipients?,yes,maybe,0,"Maybe

Justification: The text mentions that the kidneys from elderly donors can function well in young recipients, but it also notes that there may be risks associated with such transplants, such as the potential for rejection or"
mistral,Do provider service networks result in lower expenditures compared with HMOs or primary care case management in Florida's Medicaid program?,yes,maybe,0,"Maybe

Justification: The study found that provider service networks had lower expenditures compared to primary care case management, but the difference was not statistically significant when compared to HMOs."
mistral,Assessment of carotid artery stenosis before coronary artery bypass surgery. Is it always necessary?,no,maybe,0,"Maybe

Justification: The text mentions that carotid artery stenosis can cause stroke, but it also states that the decision to assess it before coronary artery bypass surgery depends on the patient's symptoms and risk"
mistral,Should direct mesocolon invasion be included in T4 for the staging of gastric cancer?,maybe,yes,0,"Yes

Justification: The context states that the TNM classification system for gastric cancer includes direct mesocolon invasion in the T4 category."
mistral,Do Surrogates of Injury Severity Influence the Occurrence of Heterotopic Ossification in Fractures of the Acetabulum?,maybe,maybe,1,"Maybe

Justification: The study suggests that surrogates of injury severity, such as the Injury Severity Score (ISS), may influence the occurrence of heterotopic ossification in fractures of the acet"
mistral,Does pretreatment with statins improve clinical outcome after stroke?,no,maybe,0,"Maybe

Justification: The context mentions that statins may have a neuroprotective effect, but it also states that the evidence is not conclusive."
mistral,Processing fluency effects: can the content and presentation of participant information sheets influence recruitment and participation for an antenatal intervention?,yes,maybe,0,"Maybe

Justification: The study found that the processing fluency of the information sheet affected the number of participants who agreed to participate in the antenatal intervention, but the effect was not consistent across all conditions."
mistral,Sternal fracture in growing children : A rare and often overlooked fracture?,maybe,maybe,1,"Maybe

Justification: The context mentions that sternal fractures in growing children are often overlooked, suggesting that they are not always rare, but may be underdiagnosed."
mistral,Is there a correlation between androgens and sexual desire in women?,yes,yes,1,"Yes

Justification: The text mentions that androgens can influence sexual desire in women, as shown by the study on postmenopausal women where those with higher androgen levels had higher sexual desire."
mistral,Does immediate breast reconstruction compromise the delivery of adjuvant chemotherapy?,no,no,1,"No.

Justification: The context states that immediate breast reconstruction does not delay the start of adjuvant chemotherapy."
mistral,Human papillomavirus and pterygium. Is the virus a risk factor?,maybe,yes,0,Yes. The context mentions that pterygium is associated with HPV infection.
mistral,Can PRISM predict length of PICU stay?,no,maybe,0,"Maybe

Justification: The study suggests that PRISM can predict the risk of mortality and morbidity, but it does not explicitly state that it can predict the length of PICU stay."
mistral,Can predilatation in transcatheter aortic valve implantation be omitted?,yes,no,0,"No, because the context states that predilatation is necessary to ensure proper valve deployment."
mistral,Autoerotic asphyxiation: secret pleasure--lethal outcome?,yes,yes,1,"Yes

Justification: The article mentions several cases where autoerotic asphyxiation resulted in death."
mistral,Major depression and alcohol use disorder in adolescence: Does comorbidity lead to poorer outcomes of depression?,no,yes,0,"Yes

Justification: The context states that ""adolescents with comorbid major depression and alcohol use disorder had poorer outcomes in terms of depression severity and functional impairment compared to those with either disorder alone."""
mistral,Cold preparation use in young children after FDA warnings: do concerns still exist?,yes,yes,1,"Yes

Justification: The FDA issued warnings about the use of cold preparations in young children due to the potential for serious side effects, such as rapid heart rate and seizures (Context: ""The FDA has issued warnings about the"
mistral,Does a 4 diagram manual enable laypersons to operate the Laryngeal Mask Supreme®?,yes,maybe,0,"Maybe

Justification: The context states that the manual is designed for laypersons, but it also mentions that the procedure requires some practice to master."
mistral,Can we measure mesopic pupil size with the cobalt blue light slit-lamp biomicroscopy method?,no,maybe,0,"Maybe

Justification: The context mentions that the cobalt blue light slit-lamp biomicroscopy method is used to measure photopic pupil size, but it also suggests that the method could potentially be used for"
mistral,Should circumcision be performed in childhood?,no,yes,0,"Yes

Justification: The text states that circumcision is often performed on male infants."
mistral,Does a colonoscopy after acute diverticulitis affect its management?,no,maybe,0,"Maybe

Justification: The context mentions that a colonoscopy is recommended after acute diverticulitis to rule out cancer, but it does not explicitly state that it affects the management of the condition."
mistral,Do instrumental activities of daily living predict dementia at 1- and 2-year follow-up?,yes,yes,1,"Yes

Justification: The study found that instrumental activities of daily living (IADLs) were significantly associated with dementia at 1- and 2-year follow-ups (p < 0.05)."
mistral,Does the Simultaneous Use of a Neuroendoscope Influence the Incidence of Ventriculoperitoneal Shunt Infection?,no,maybe,0,"Maybe

Justification: The study suggests that the simultaneous use of a neuroendoscope may increase the risk of ventriculoperitoneal shunt infection, but the results are not definitive due to the small sample size and"
mistral,"Body perception: do parents, their children, and their children's physicians perceive body image differently?",yes,yes,1,"Yes

Justification: The text mentions that parents, children, and physicians may have different perceptions of body image due to the influence of societal ideals, personal experiences, and professional training."
mistral,Is a specialised training of phonological awareness indicated in every preschool child?,maybe,maybe,1,"Maybe

Justification: The text mentions that phonological awareness is a crucial skill for reading and writing, but it also states that not all children may need specialised training, as some may develop this skill naturally."
mistral,Is there any relationship between streptococcal infection and multiple sclerosis?,yes,maybe,0,"Maybe

Justification: The text mentions that a study found that streptococcal infection may trigger multiple sclerosis in genetically susceptible individuals. However, the text does not provide conclusive evidence that streptoc"
mistral,Is the combination with 2-methoxyestradiol able to reduce the dosages of chemotherapeutices in the treatment of human ovarian cancer?,yes,maybe,0,"Maybe

Justification: The context mentions that 2-methoxyestradiol can sensitize ovarian cancer cells to chemotherapeutic agents, but it does not provide information about whether it can reduce the dosages"
mistral,Assessing joint line positions by means of the contralateral knee: a new approach for planning knee revision surgery?,yes,maybe,0,"Maybe

Justification: The article discusses a new method for planning knee revision surgery using the contralateral knee as a reference, but it is not definitively stated that this method is universally accepted or superior to other methods."
mistral,Does the type of tibial component affect mechanical alignment in unicompartmental knee replacement?,yes,maybe,0,"Maybe

Justification: The text mentions that the type of tibial component can influence mechanical alignment, but it also states that the effect may be small and dependent on other factors such as the surgical technique used."
mistral,Is tumour expression of VEGF associated with venous invasion and survival in pT3 renal cell carcinoma?,maybe,maybe,1,"Maybe

Justification: The context states that ""VEGF expression was significantly associated with venous invasion and poor survival in pT3 RCC"" but it does not specify if this association is only for tumour expression of VEGF or"
mistral,Injury and poisoning mortality among young men--are there any common factors amenable to prevention?,yes,yes,1,"Yes

Justification: The context mentions that ""common factors"" among young men that contribute to injury and poisoning mortality are amenable to prevention, implying that there are indeed common factors that can be addressed to prevent these deaths."
mistral,Continuation of pregnancy after antenatal corticosteroid administration: opportunity for rescue?,maybe,yes,0,"Yes

Justification: The context mentions that ""antenatal corticosteroids have been shown to reduce neonatal mortality and morbidity in preterm infants"" and ""the benefits of antenatal corticosteroids are"
mistral,Does either obesity or OSA severity influence the response of autotitrating CPAP machines in very obese subjects?,yes,maybe,0,"Maybe

Justification: The context mentions that the response of autotitrating CPAP machines in very obese subjects may be influenced by both obesity and OSA severity, as suggested by the study's findings that """
mistral,Does the clinical presentation of a prior preterm birth predict risk in a subsequent pregnancy?,yes,yes,1,"Yes

Justification: The text states that ""the risk of preterm birth is increased in subsequent pregnancies for women who have had a prior preterm birth."""
mistral,Is the Distance Worth It?,yes,yes,1,"Yes

Justification: The patient is willing to travel 100 miles for the treatment, indicating that they value the potential benefits of the treatment over the inconvenience of the distance."
mistral,Aripiprazole: a new risk factor for pathological gambling?,yes,maybe,0,"Maybe. The study suggests that aripiprazole may be associated with an increased risk of pathological gambling, but the causality is not definitively established."
mistral,Immune suppression by lysosomotropic amines and cyclosporine on T-cell responses to minor and major histocompatibility antigens: does synergy exist?,yes,maybe,0,"Maybe

Justification: The study suggests that lysosomotropic amines and cyclosporine may have a synergistic effect on immune suppression, but the exact nature of this synergy is not definitively established in the"
mistral,Does induction chemotherapy have a role in the management of nasopharyngeal carcinoma?,yes,yes,1,"Yes

Justification: The context mentions that induction chemotherapy is used in the management of nasopharyngeal carcinoma, specifically in cases where the tumor is large or has spread to other parts of the body."
mistral,Treatment of contralateral hydrocele in neonatal testicular torsion: Is less more?,maybe,maybe,1,"Maybe

Justification: The context suggests that the treatment of contralateral hydrocele in neonatal testicular torsion should be individualized, considering the potential for torsion in the untreated testis (line 1"
mistral,"Are normally sighted, visually impaired, and blind pedestrians accurate and reliable at making street crossing decisions?",maybe,maybe,1,"Maybe

Justification: The text mentions that visually impaired and blind pedestrians use auditory cues to make crossing decisions, but the reliability of these decisions is not explicitly stated in the provided context."
mistral,Is it Crohn's disease?,maybe,maybe,1,"Maybe

Justification: The patient has symptoms such as abdominal pain, diarrhea, and weight loss, but a definitive diagnosis requires further tests like endoscopy and biopsy."
mistral,Is Chaalia/Pan Masala harmful for health?,yes,yes,1,"Yes

Justification: It contains tobacco and other harmful substances."
mistral,Does multi-modal cervical physical therapy improve tinnitus in patients with cervicogenic somatic tinnitus?,yes,maybe,0,"Maybe

Justification: The context mentions that multi-modal cervical physical therapy can help reduce tinnitus in patients with cervicogenic somatic tinnitus, but it also states that more research is needed"
mistral,Detailed analysis of sputum and systemic inflammation in asthma phenotypes: are paucigranulocytic asthmatics really non-inflammatory?,maybe,maybe,1,"Maybe

Justification: The context discusses the debate about whether paucigranulocytic asthmatics are truly non-inflammatory, suggesting that there is evidence to support both sides of the argument."
mistral,Is HIV/STD control in Jamaica making a difference?,yes,yes,1,"Yes

Justification: The text states that Jamaica has seen a decrease in HIV/STD rates due to increased condom use and HIV testing."
mistral,Is Panton-Valentine leucocidin associated with the pathogenesis of Staphylococcus aureus bacteraemia in the UK?,maybe,maybe,1,"Maybe

Justification: The study suggests that Panton-Valentine leucocidin (PVL) is associated with S. aureus bacteraemia in the UK, but the data is not definitive as"
mistral,Are even impaired fasting blood glucose levels preoperatively associated with increased mortality after CABG surgery?,yes,yes,1,"Yes

Justification: The study found that patients with even slightly elevated fasting blood glucose levels had a higher risk of mortality after CABG surgery."
mistral,Does positron emission tomography change management in primary rectal cancer?,yes,yes,1,"Yes

Justification: The context states that PET scans can help identify patients with primary rectal cancer who may benefit from neoadjuvant chemoradiation, and can also help identify patients who may require total mesorect"
mistral,Can you deliver accurate tidal volume by manual resuscitator?,no,yes,0,"Yes

Justification: The context states that the manual resuscitator is used to deliver tidal volume during resuscitation."
mistral,Can increases in the cigarette tax rate be linked to cigarette retail prices?,no,yes,0,"Yes

Justification: The text states that ""increases in the cigarette tax rate can lead to increases in the retail price of cigarettes"" (line 11)."
mistral,Vertical lines in distal esophageal mucosa (VLEM): a true endoscopic manifestation of esophagitis in children?,yes,maybe,0,"Maybe

Justification: The context mentions that VLEM is a common finding in children with esophagitis, but it can also be seen in children without esophagitis, suggesting that it may not always be a definitive"
mistral,Does hypoglycaemia increase the risk of cardiovascular events?,yes,yes,1,"Yes

Justification: The context mentions that hypoglycaemia is associated with an increased risk of cardiovascular events, as shown in the study where hypoglycaemic episodes were found to be associated with a 2"
mistral,Does the radiographic transition zone correlate with the level of aganglionosis on the specimen in Hirschsprung's disease?,no,maybe,0,"Maybe

Justification: The text mentions that the radiographic transition zone can be used as a guide for the surgical resection of the aganglionic segment in Hirschsprung's disease, but it does not provide"
mistral,Is dexamethasone an effective alternative to oral prednisone in the treatment of pediatric asthma exacerbations?,yes,maybe,0,"Maybe

Justification: The text states that dexamethasone is as effective as prednisone in treating pediatric asthma exacerbations, but it does not explicitly state that it is an effective alternative to oral"
mistral,Mammographic screening in Sami speaking municipalities and a control group. Are early outcome measures influenced by ethnicity?,yes,maybe,0,"Maybe

Justification: The study shows a statistically significant difference in the detection rate of breast cancer between the Sami speaking municipalities and the control group, but the authors note that the small sample size and other potential confounding factors limit"
mistral,Do Electrochemiluminescence Assays Improve Prediction of Time to Type 1 Diabetes in Autoantibody-Positive TrialNet Subjects?,yes,yes,1,"Yes

Justification: The study shows that Electrochemiluminescence Assays significantly improve the prediction of time to Type 1 Diabetes in Autoantibody-Positive TrialNet subjects. (Line 1"
mistral,Assessment of appropriate antimicrobial prescribing: do experts agree?,yes,maybe,0,"Maybe

Justification: The article discusses a survey of experts, and while there was some agreement on certain aspects, there were also differences in opinion, suggesting that not all experts agree."
mistral,Is there a favorable subset of patients with prostate cancer who develop oligometastases?,yes,yes,1,"Yes

Justification: The text mentions that ""a subset of patients with prostate cancer who develop oligometastases"" is being studied for potential treatment options."
mistral,Cycloplegic autorefraction in young adults: is it mandatory?,maybe,maybe,1,"Maybe

Justification: The context suggests that cycloplegic autorefraction is not always necessary for young adults, but it may be beneficial in certain cases, such as when there is a suspicion of posterior segment abnormalities or when"
mistral,Does screening or surveillance for primary hepatocellular carcinoma with ultrasonography improve the prognosis of patients?,yes,yes,1,"Yes

Justification: The context states that ""screening with ultrasonography can reduce the mortality rate from primary hepatocellular carcinoma by 20% to 40%."" This suggests that the pro"
mistral,"""Would a man smell a rose then throw it away?",maybe,no,0,"No. The context does not provide any information about the man throwing the rose away.

Context:

A man is walking in a park. He sees a rose on the ground. He picks it up, smells it, and then"
mistral,Department of Transportation vs self-reported data on motor vehicle collisions and driving convictions for stroke survivors: do they agree?,no,maybe,0,"Maybe

Justification: The provided context does not contain information about the agreement between the Department of Transportation and self-reported data on motor vehicle collisions and driving convictions for stroke survivors. However, it is mentioned that the study found"
mistral,"Neoadjuvant Imatinib in Locally Advanced Gastrointestinal stromal Tumours, Will Kit Mutation Analysis Be a Pathfinder?",yes,maybe,0,"Maybe

Justification: The context suggests that Kit mutation analysis could potentially guide the use of neoadjuvant Imatinib in locally advanced gastrointestinal stromal tumors, but it does not definitively state that"
mistral,Does the lipid-lowering peroxisome proliferator-activated receptors ligand bezafibrate prevent colon cancer in patients with coronary artery disease?,yes,maybe,0,"Maybe

Justification: The context mentions that bezafibrate may have a protective effect against colon cancer, but it does not provide conclusive evidence that it prevents colon cancer in patients with coronary artery disease."
mistral,Does self-efficacy mediate the relationship between transformational leadership behaviours and healthcare workers' sleep quality?,maybe,maybe,1,"Maybe

Justification: The text mentions that ""self-efficacy may mediate the relationship between transformational leadership behaviours and healthcare workers' sleep quality"" (line 10), but it does not provide conclusive evidence to"
mistral,Does microbial contamination influence the success of the hematopoietic cell transplantation outcomes?,maybe,yes,0,"Yes

Justification: The context mentions that the patient's condition worsened due to a fungal infection, which is a type of microbial contamination, affecting the success of the hematopoietic cell trans"
mistral,Very high serum CA 19-9 levels: a contraindication to pancreaticoduodenectomy?,no,maybe,0,"Maybe

Justification: The patient's high serum CA 19-9 level (>1000 U/mL) is a potential indicator of advanced pancreatic cancer, but it is not definitive."
mistral,Perioperative care in an animal model for training in abdominal surgery: is it necessary a preoperative fasting?,no,maybe,0,"Maybe

Justification: The context mentions that the animal model is used for training in abdominal surgery, but it does not specify whether or not preoperative fasting is required for this specific model. Therefore, it is possible that"
mistral,Are physicians aware of the side effects of angiotensin-converting enzyme inhibitors?,no,yes,0,"Yes

Justification: The text mentions that ""physicians are aware of the side effects of ACE inhibitors"" (line 1)."
mistral,Residual fundus or neofundus after laparoscopic sleeve gastrectomy: is fundectomy safe and effective as revision surgery?,maybe,maybe,1,"Maybe

Justification: The context mentions that fundectomy (removal of the fundus) is a possible revision surgery after laparoscopic sleeve gastrectomy, but it also states that the safety and effectiveness of this"
mistral,Are physician estimates of asthma severity less accurate in black than in white patients?,yes,yes,1,"Yes

Justification: The text states that ""Physician estimates of asthma severity were less accurate in black patients than in white patients."" (line 11)"
mistral,Does laparoscopic surgery decrease the risk of atrial fibrillation after foregut surgery?,yes,maybe,0,"Maybe

Justification: The context mentions that the study found no significant difference in the incidence of atrial fibrillation between laparoscopic and open surgery, but it does not definitively state that laparoscop"
mistral,"The Main Gate Syndrome: a new format in mass-casualty victim ""surge"" management?",yes,maybe,0,"Maybe

Justification: The text mentions that the Main Gate Syndrome is a new concept, but it does not provide enough information to definitively say whether it is a new format in mass-casualty victim ""surge"""
mistral,Do communication disorders extend to musical messages?,yes,yes,1,"Yes

Justification: The text mentions that the patient has difficulty understanding spoken language, which is a type of communication, and also has difficulty understanding musical messages, as demonstrated by his inability to identify the correct pitch when asked to match a"
mistral,Do patients with rheumatoid arthritis established on methotrexate and folic acid 5 mg daily need to continue folic acid supplements long term?,yes,yes,1,"Yes

Justification: The context states that ""patients with rheumatoid arthritis established on methotrexate and folic acid 5 mg daily need to continue folic acid supplements to reduce the risk"
mistral,Can infundibular height predict the clearance of lower pole calyceal stone after extracorporeal shockwave lithotripsy?,yes,maybe,0,"Maybe

Justification: The study suggests that infundibular height may influence the clearance of lower pole calyceal stones, but the results are not definitive, as other factors such as stone size and location also play a role"
mistral,Does lung ischemia and reperfusion have an impact on coronary flow?,yes,maybe,0,"Maybe

Justification: The context mentions that lung ischemia and reperfusion can cause systemic inflammation, which can potentially affect coronary flow, although it does not directly state a definitive impact."
mistral,Is a patient's self-reported health-related quality of life a prognostic factor for survival in non-small-cell lung cancer patients?,maybe,yes,0,"Yes

Justification: The study shows that a lower EORTC QLQ-C30 global health status score, which is a measure of self-reported health-related quality of life, is associated with a shorter survival time"
mistral,Transient tachypnea of the newborn (TTN): a role for polymorphisms in the beta-adrenergic receptor (ADRB) encoding genes?,yes,maybe,0,"Maybe

Justification: The study suggests that there may be a correlation between ADRB polymorphisms and TTN, but more research is needed to confirm this."
mistral,Is duration of psychological treatment for depression related to return into treatment?,yes,yes,1,"Yes

Justification: The study shows that patients who received a shorter duration of treatment were more likely to return for additional treatment (p < 0.001)."
mistral,Does shaving the incision site increase the infection rate after spinal surgery?,maybe,no,0,"No.

Justification: The study found that there was no significant difference in infection rates between shaved and unshaved incision sites after spinal surgery."
mistral,The influence of atmospheric pressure on aortic aneurysm rupture--is the diameter of the aneurysm important?,maybe,yes,0,"Yes

Justification: The text mentions that the diameter of the aneurysm is one of the factors that can influence the risk of rupture."
mistral,Do French lay people and health professionals find it acceptable to breach confidentiality to protect a patient's wife from a sexually transmitted disease?,maybe,maybe,1,"Maybe

Justification: The text mentions that both French lay people and health professionals might consider breaching confidentiality in certain circumstances, such as when the patient's life or health is at risk, but it does not explicitly state that they"
mistral,Do somatic complaints predict subsequent symptoms of depression?,maybe,yes,0,"Yes

Justification: The study found that somatic complaints were associated with subsequent symptoms of depression (lines 11-12)."
mistral,Are women with major depression in pregnancy identifiable in population health data?,no,yes,0,"Yes

Justification: The study mentions that women with major depression in pregnancy can be identified using population health data."
mistral,Remote ischemic postconditioning: does it protect against ischemic damage in percutaneous coronary revascularization?,yes,yes,1,"Yes

Justification: The context states that remote ischemic postconditioning ""has been shown to reduce infarct size and improve cardiac function in patients undergoing percutaneous coronary revascularization."""
mistral,Does combining antiretroviral agents in a single dosage form enhance quality of life of HIV/AIDS patients?,no,maybe,0,"Maybe

Justification: The text mentions that ""combination antiretroviral therapy (cART) has been shown to improve the quality of life of HIV-infected patients"" but also states that ""side effects of c"
mistral,The inverse equity hypothesis: does it apply to coverage of cancer screening in middle-income countries?,yes,maybe,0,"Maybe

Justification: The text mentions that the inverse equity hypothesis suggests that the rich may have less access to preventive care, but it also acknowledges that this may not always be the case, especially in middle-income countries where"
mistral,Identification of racial disparities in breast cancer mortality: does scale matter?,yes,yes,1,"Yes

Justification: The study shows that racial disparities in breast cancer mortality exist at both the state and county levels."
mistral,Does the leukocyte count correlate with the severity of injury?,yes,yes,1,"Yes

Justification: The text states that ""the leukocyte count is often elevated in response to injury or infection, and the degree of elevation can reflect the severity of the injury or the extent of the inflammat"
mistral,Can transcranial direct current stimulation be useful in differentiating unresponsive wakefulness syndrome from minimally conscious state patients?,yes,maybe,0,"Maybe

Justification: The context mentions that transcranial direct current stimulation (tDCS) can be used to assess the functional connectivity of the brain, which could potentially help differentiate between unresponsive wakefulness syndrome"
mistral,Aromatase inhibitor-related musculoskeletal symptoms: is preventing osteoporosis the key to eliminating these symptoms?,yes,maybe,0,"Maybe

Justification: The context suggests that aromatase inhibitor-related musculoskeletal symptoms may be associated with osteoporosis, but it does not definitively state that preventing osteoporosis would eliminate"
mistral,Could different follow-up modalities play a role in the diagnosis of asymptomatic endometrial cancer relapses?,maybe,yes,0,"Yes

Justification: The text mentions that ""different follow-up modalities"" such as ""transvaginal ultrasound"" and ""endometrial biopsy"" are used to monitor patients for recurrence, suggesting"
mistral,Locoregional opening of the rodent blood-brain barrier for paclitaxel using Nd:YAG laser-induced thermo therapy: a new concept of adjuvant glioma therapy?,yes,maybe,0,"Maybe

Justification: The context discusses a new concept of using Nd:YAG laser-induced thermo therapy to open the rodent blood-brain barrier for paclitaxel, which could potentially be an adjuv"
mistral,Preoperative tracheobronchoscopy in newborns with esophageal atresia: does it matter?,yes,maybe,0,"Maybe

Justification: The context suggests that preoperative tracheobronchoscopy can help identify the presence of a tracheoesophageal fistula, but it does not definitively state that it is always necessary or beneficial."
mistral,Is horizontal semicircular canal ocular reflex influenced by otolith organs input?,yes,yes,1,"Yes

Justification: The context mentions that the horizontal semicircular canal ocular reflex is influenced by both otolith organs and semicircular canals, indicating that otolith organs input does indeed affect"
mistral,Is perforation of the appendix a risk factor for tubal infertility and ectopic pregnancy?,maybe,maybe,1,"Maybe

Justification: The text mentions that perforation of the appendix can lead to pelvic inflammatory disease, which can cause tubal infertility and ectopic pregnancy. However, it does not explicitly"
mistral,Serovar specific immunity to Neisseria gonorrhoeae: does it exist?,no,maybe,0,"Maybe

Justification: The text mentions that ""Neisseria gonorrhoeae is a highly diverse species with multiple serovars, and immunity to one serovar does not necessarily confer immunity to others."""
mistral,May student examiners be reasonable substitute examiners for faculty in an undergraduate OSCE on medical emergencies?,yes,yes,1,"Yes

Justification: The context states that student examiners have been trained to assess students in the OSCE, and they have been observed to perform this task effectively."
mistral,Are endothelial cell patterns of astrocytomas indicative of grade?,yes,yes,1,"Yes

Justification: The context mentions that ""endothelial cell patterns are more prominent in high-grade astrocytomas."""
mistral,Do healthier lifestyles lead to less utilization of healthcare resources?,no,yes,0,"Yes

Justification: The text states that ""healthier lifestyles can lead to a decrease in the utilization of healthcare resources."""
mistral,Antral follicle assessment as a tool for predicting outcome in IVF--is it a better predictor than age and FSH?,maybe,maybe,1,"Maybe

Justification: The context states that antral follicle count (AFC) is a ""useful"" predictor of ovarian response, but it is not explicitly stated that it is a better predictor than age"
mistral,Do all ethnic groups in New Zealand exhibit socio-economic mortality gradients?,yes,yes,1,"Yes

Justification: The text mentions that ""Maori and Pacific peoples have higher mortality rates than non-Maori and non-Pacific peoples, and these disparities are associated with socio-economic factors."" This"
mistral,Can normal knee kinematics be restored with unicompartmental knee replacement?,no,yes,0,"Yes

Justification: The text states that unicompartmental knee replacement can restore normal knee kinematics in patients with unicompartmental osteoarthritis."
mistral,Are serum leptin levels a prognostic factor in advanced lung cancer?,no,maybe,0,"Maybe

Justification: The context mentions that high serum leptin levels are associated with poor prognosis in advanced lung cancer, but it also mentions that this association needs to be confirmed in larger studies."
mistral,Is fetal gender associated with emergency department visits for asthma during pregnancy?,no,maybe,0,"Maybe

Justification: The study found that there was a significant association between the gender of the fetus and emergency department visits for asthma during pregnancy, but the direction of the association was not specified."
mistral,Stretch-sensitive KCNQ1 mutation A link between genetic and environmental factors in the pathogenesis of atrial fibrillation?,yes,maybe,0,"Maybe

Justification: The context mentions a stretch-sensitive KCNQ1 mutation, which could be a genetic factor, but it also suggests that this mutation may contribute to atrial fibrillation, potentially linking"
mistral,Are adult body circumferences associated with height?,yes,yes,1,"Yes

Justification: The text states that ""adult body circumferences are positively associated with height."""
mistral,Would corrected QT dispersion predict left ventricular hypertrophy in hypertensive patients?,yes,maybe,0,"Maybe

Justification: The study suggests that corrected QT dispersion may be a predictor of left ventricular hypertrophy in hypertensive patients, but the correlation is not definitive."
mistral,Traumatic aortic injury: does the anatomy of the aortic arch influence aortic trauma severity?,yes,yes,1,"Yes

Justification: The context mentions that the anatomy of the aortic arch can influence the severity of aortic trauma, as the presence of a bovine arch is associated with a higher risk of aort"
mistral,Inpatient versus outpatient management of neutropenic fever in gynecologic oncology patients: is risk stratification useful?,yes,maybe,0,"Maybe

Justification: The study suggests that risk stratification may be useful in guiding the management of neutropenic fever in gynecologic oncology patients, but the evidence is not definitive."
mistral,Should chest wall irradiation be included after mastectomy and negative node breast cancer?,maybe,maybe,1,"Maybe

Justification: The context states that chest wall irradiation is considered for patients with positive margins or close margins after mastectomy, but it is not mentioned whether it is recommended for patients with negative node breast cancer."
mistral,Can bisphosphonate treatment be stopped in a growing child with skeletal fragility?,maybe,maybe,1,"Maybe

Justification: The text states that ""the decision to discontinue bisphosphonate treatment in a growing child with skeletal fragility is complex and individualized, taking into account the child's growth rate, bone density"
mistral,"Regional anesthesia as compared with general anesthesia for surgery in geriatric patients with hip fracture: does it decrease morbidity, mortality, and health care costs?",no,maybe,0,"Maybe

Justification: The context states that regional anesthesia may have benefits in terms of reduced morbidity and mortality, but it also mentions that the evidence is not conclusive and more research is needed to confirm these benefits"
mistral,Does blood pressure change in treated hypertensive patients depending on whether it is measured by a physician or a nurse?,yes,maybe,0,"Maybe

Justification: The text states that blood pressure readings can vary depending on the person taking the measurement, but it does not specify whether the difference is between physicians and nurses."
mistral,Treadmill testing of children who have spina bifida and are ambulatory: does peak oxygen uptake reflect maximum oxygen uptake?,yes,maybe,0,"Maybe

Justification: The study suggests that peak oxygen uptake during treadmill testing may not always reflect maximum oxygen uptake in children with spina bifida who are ambulatory, as some participants reached a plateau"
mistral,Is the probability of prenatal diagnosis or termination of pregnancy different for fetuses with congenital anomalies conceived following assisted reproductive techniques?,no,maybe,0,"Maybe

Justification: The text mentions that prenatal diagnosis and termination of pregnancy for fetuses with congenital anomalies may be more common in IVF pregnancies, but it also states that the data is not concl"
mistral,Is there a relationship between complex fractionated atrial electrograms recorded during atrial fibrillation and sinus rhythm fractionation?,no,maybe,0,"Maybe

Justification: The context mentions that complex fractionated atrial electrograms (CFAEs) are recorded during atrial fibrillation, but it also states that the same areas showing CFAEs during atrial f"
mistral,Does rural or urban residence make a difference to neonatal outcome in premature birth?,yes,yes,1,"Yes

Justification: The study shows that babies born prematurely in urban areas have a higher survival rate than those born in rural areas."
mistral,Is the use of cyanoacrylate in intestinal anastomosis a good and reliable alternative?,yes,maybe,0,"Maybe

Justification: The context mentions that cyanoacrylate has been used in intestinal anastomosis, but it also mentions that it can cause inflammation and fibrosis, which could potentially lead to"
mistral,Is trabecular bone related to primary stability of miniscrews?,yes,yes,1,"Yes

Justification: The context mentions that trabecular bone is ""more porous and less dense than cortical bone"" and that ""miniscrews are more likely to be placed in trabecular bone than cortical bone"
mistral,"Is there any evidence of a ""July effect"" in patients undergoing major cancer surgery?",no,maybe,0,"Maybe

Justification: The study found that the July effect was present in patients undergoing major cancer surgery, but the effect was not statistically significant."
mistral,Is it necessary to insert a nasobiliary drainage tube routinely after endoscopic clearance of the common bile duct in patients with choledocholithiasis-induced cholangitis?,no,maybe,0,"Maybe

Justification: The text states that the use of a nasobiliary drainage tube is not always necessary, but it may be beneficial in certain cases, such as when there is a large stone burden or a high risk of recurrent"
mistral,Storage of vaccines in the community: weak link in the cold chain?,maybe,yes,0,"Yes

Justification: The context mentions that the cold chain is often broken during the storage of vaccines in the community, indicating that this is indeed a weak link."
mistral,Is the clinically positive axilla in breast cancer really a contraindication to sentinel lymph node biopsy?,no,maybe,0,"Maybe

Justification: The context suggests that a clinically positive axilla can be a contraindication to sentinel lymph node biopsy, but it also mentions that some studies have shown that it can still be"
mistral,Convulsions and retinal haemorrhage: should we look further?,yes,yes,1,"Yes, because the patient has a history of hypertension and the symptoms are not typical of a simple fall."
mistral,Are patients willing participants in the new wave of community-based medical education in regional and rural Australia?,yes,yes,1,"Yes

Justification: The context mentions that the new wave of community-based medical education in regional and rural Australia is designed to involve patients as active participants."
mistral,Can Flexible Instruments Create Adequate Femoral Tunnel Lengths at 90° of Knee Flexion in Anterior Cruciate Ligament Reconstruction?,yes,maybe,0,"Maybe

Justification: The context states that the study found that flexible instruments can create femoral tunnel lengths that are ""adequate"" at 90° of knee flexion, but also notes that the lengths were ""slightly shorter"
mistral,Quality of life in lung cancer patients: does socioeconomic status matter?,yes,yes,1,"Yes

Justification: The text mentions that ""patients with lower socioeconomic status had a significantly worse quality of life"" (line 11)."
mistral,Are Biochemical Markers of Bone Turnover Representative of Bone Histomorphometry in 370 Postmenopausal Women?,maybe,maybe,1,"Maybe

Justification: The study found that while there was a correlation between biochemical markers and bone histomorphometry, the relationship was not perfect, suggesting that biochemical markers may not always accurately represent bone histomorph"
mistral,Should early extubation be the goal for children after congenital cardiac surgery?,yes,maybe,0,"Maybe

Justification: The context suggests that early extubation is beneficial for children after congenital cardiac surgery, but it also mentions that there are risks associated with early extubation, such as reintubation and prolong"
mistral,Does delivery mode affect women's postpartum quality of life in rural China?,no,maybe,0,"Maybe

Justification: The study suggests that delivery mode might have an impact on women's postpartum quality of life, but the results are not definitive due to the lack of a significant difference between cesarean section and vaginal"
mistral,Menopausal hormone therapy and irregular endometrial bleeding: a potential role for uterine natural killer cells?,yes,maybe,0,"Maybe

Justification: The article discusses the potential role of uterine natural killer cells in irregular endometrial bleeding associated with menopausal hormone therapy, but it does not definitively establish a causal relationship."
mistral,Percutaneous ethanol injection for benign cystic thyroid nodules: is aspiration of ethanol-mixed fluid advantageous?,no,maybe,0,"Maybe

Justification: The context mentions that the study found that aspiration of ethanol-mixed fluid during percutaneous ethanol injection for benign cystic thyroid nodules may help to reduce the risk of"
mistral,Can the growth rate of a gallbladder polyp predict a neoplastic polyp?,no,maybe,0,"Maybe

Justification: The context mentions that gallbladder polyps with a growth rate of more than 1 mm per year are more likely to be neoplastic, but not all neoplastic polyps grow at this rate"
mistral,Are performance measurement systems useful?,yes,yes,1,"Yes

Justification: The text mentions that performance measurement systems can help in identifying areas for improvement and in making informed decisions (line 10-11)."
mistral,Does para-cervical block offer additional advantages in abortion induction with gemeprost in the 2nd trimester?,yes,maybe,0,"Maybe

Justification: The context mentions that para-cervical block with gemeprost in the 2nd trimester can reduce the need for general anesthesia, but it also mentions that the efficacy"
mistral,Does insulin resistance drive the association between hyperglycemia and cardiovascular risk?,yes,yes,1,"Yes

Justification: The text states that ""insulin resistance is a key factor in the development of hyperglycemia and cardiovascular disease."""
mistral,Are there risk factors that increase the rate of staple line leakage in patients undergoing primary sleeve gastrectomy for morbid obesity?,yes,yes,1,"Yes

Justification: The context mentions that ""smoking, alcohol consumption, and use of nonsteroidal anti-inflammatory drugs (NSAIDs)"" can increase the rate of staple line leakage in patients"
mistral,Chronic functional somatic symptoms: a single syndrome?,no,maybe,0,"Maybe

Justification: The text suggests that chronic functional somatic symptoms may be a single syndrome, but it also acknowledges that there is ongoing debate about this."
mistral,"Actinobaculum schaalii, a cause of urinary tract infections in children?",maybe,maybe,1,"Maybe

Justification: The text mentions that Actinobaculum schaalii is a cause of urinary tract infections, but it does not specify that it is only in children."
mistral,Prevalence of chronic conditions among Medicare Part A beneficiaries in 2008 and 2010: are Medicare beneficiaries getting sicker?,yes,yes,1,"Yes

Justification: The number of Medicare Part A beneficiaries with chronic conditions increased from 2008 to 2010, indicating that they may be getting sicker."
mistral,Does successful completion of the Perinatal Education Programme result in improved obstetric practice?,no,yes,0,"Yes

Justification: The context states that the Perinatal Education Programme was designed to improve obstetric practice, and the study found that participants demonstrated improved knowledge and skills in obstetric care."
mistral,Do patients with localized prostate cancer treatment really want more aggressive treatment?,no,maybe,0,"Maybe

Justification: The text states that some patients may feel that they need more aggressive treatment, but it also mentions that many patients are satisfied with the less aggressive treatment they received."
mistral,Does music influence stress in mechanically ventilated patients?,no,yes,0,"Yes

Justification: The study shows that music significantly reduces stress in mechanically ventilated patients."
mistral,Does reducing spasticity translate into functional benefit?,yes,yes,1,"Yes

Justification: The study shows that the reduction in spasticity leads to improved function in the affected limb (line 10)."
mistral,Is the holmium:YAG laser the best intracorporeal lithotripter for the ureter?,yes,maybe,0,"Maybe

Justification: The text states that the holmium:YAG laser is ""effective"" for the ureter, but it also mentions that other lasers like the diode laser may also be effective, suggesting that there"
mistral,Metered-dose inhalers. Do health care providers know what to teach?,no,yes,0,"Yes

Justification: The text states that ""health care providers are trained to teach patients how to use metered-dose inhalers correctly."""
mistral,Does the bracket-ligature combination affect the amount of orthodontic space closure over three months?,no,maybe,0,"Maybe

Justification: The study shows that the bracket-ligature combination does not significantly affect the amount of orthodontic space closure over three months, but the difference between the two groups is statistically significant, suggesting a potential,"
mistral,Health habits and vaccination status of Lebanese residents: are future doctors applying the rules of prevention?,no,maybe,0,"Maybe

Justification: The text mentions that the study found that medical students had lower rates of vaccination compared to the general population, but it does not provide information about their health habits."
mistral,Does vaginal intraepithelial neoplasia have the same evolution as cervical intraepithelial neoplasia?,maybe,maybe,1,"Maybe

Justification: The text mentions that vaginal intraepithelial neoplasia (VIN) and cervical intraepithelial neoplasia (CIN) share similarities, but"
mistral,Should general practitioners call patients by their first names?,yes,maybe,0,"Maybe

Justification: The context does not provide clear guidance on whether general practitioners should call patients by their first names. However, it does mention that the doctor-patient relationship is important and that the doctor should be friendly and approachable,"
mistral,Transesophageal echocardiographic assessment of left ventricular function in brain-dead patients: are marginally acceptable hearts suitable for transplantation?,yes,maybe,0,"Maybe

Justification: The study suggests that transesophageal echocardiographic assessment can help determine the suitability of left ventricular function in brain-dead patients for heart transplantation, but the final decision may still"
mistral,Attenuation of ischemia/reperfusion-induced ovarian damage in rats: does edaravone offer protection?,yes,maybe,0,"Maybe

Justification: The study suggests that edaravone may offer protection against ischemia/reperfusion-induced ovarian damage in rats, but the results are not definitive as the study only shows a trend"
mistral,Does the National Institutes of Health Stroke Scale favor left hemisphere strokes?,yes,no,0,"No, the National Institutes of Health Stroke Scale does not favor left hemisphere strokes. It is a tool used to evaluate the severity of a stroke, and it does not discriminate between left and right hemisphere stro"
mistral,Can a Novel Surgical Approach to the Temporomandibular Joint Improve Access and Reduce Complications?,yes,maybe,0,"Maybe

Justification: The article mentions that the novel surgical approach to the temporomandibular joint (TMJ) is designed to improve access and reduce complications, but it also states that further research is needed to confirm these"
mistral,"Young-Burgess classification of pelvic ring fractures: does it predict mortality, transfusion requirements, and non-orthopaedic injuries?",maybe,yes,0,"Yes

Justification: The context states that the Young-Burgess classification of pelvic ring fractures is used to predict the severity of injuries and the need for surgical intervention, which implies that it can predict mortality,"
mistral,Is vitamin D deficiency a feature of pediatric celiac disease?,no,yes,0,"Yes

Justification: The context mentions that the patient had vitamin D deficiency and celiac disease."
mistral,Is unsafe sexual behaviour increasing among HIV-infected individuals?,no,maybe,0,"Maybe

Justification: The context mentions that the study found that ""unsafe sexual behavior was common among HIV-infected individuals in the study."" However, it does not provide information about whether this behavior is increasing over time."
mistral,Cholestasis associated with small bowel atresia: do we always need to investigate?,no,yes,0,"Yes

Justification: The patient in the context has small bowel atresia, which is a known cause of cholestasis. Therefore, it is necessary to investigate the cause of cholestasis in this case."
mistral,Are financial incentives cost-effective to support smoking cessation during pregnancy?,yes,yes,1,"Yes

Justification: The study found that financial incentives were associated with a significant increase in smoking cessation during pregnancy."
mistral,Can medical students contribute to quality assurance programmes in day surgery?,yes,yes,1,"Yes

Justification: The context mentions that medical students are involved in the quality assurance programme in day surgery, as they are tasked with reviewing the documentation of the patients who underwent day surgery."
mistral,Measurement of head and neck paragangliomas: is volumetric analysis worth the effort?,yes,yes,1,"Yes

Justification: The context states that volumetric analysis can provide a more accurate assessment of tumor growth and response to treatment, making it worth the effort."
mistral,Three-dimensional ultrasound-validated large-core needle biopsy: is it a reliable method for the histological assessment of breast lesions?,yes,yes,1,"Yes

Justification: The study shows that three-dimensional ultrasound-validated large-core needle biopsy has a high diagnostic accuracy for the histological assessment of breast lesions."
mistral,Can bone thickness and inter-radicular space affect miniscrew placement in posterior mandibular sites?,no,yes,0,"Yes

Justification: The text mentions that ""the thickness of the cortical bone and the inter-radicular space can affect the placement of miniscrews in posterior mandibular sites."" (line 11-12"
mistral,Do general practice selection scores predict success at MRCGP?,yes,yes,1,"Yes

Justification: The context states that ""GPs with higher scores were more likely to pass the MRCGP exam on the first attempt."""
mistral,The Deformity Angular Ratio: Does It Correlate With High-Risk Cases for Potential Spinal Cord Monitoring Alerts in Pediatric 3-Column Thoracic Spinal Deformity Corrective Surgery?,yes,maybe,0,"Maybe

Justification: The study suggests that a higher Deformity Angular Ratio (DAR) may be associated with a higher risk of potential spinal cord monitoring alerts, but the correlation is not definitive as other factors such"
mistral,Does age moderate the effect of personality disorder on coping style in psychiatric inpatients?,yes,maybe,0,"Maybe

Justification: The text mentions that ""personality disorder and age were found to interact significantly in predicting coping style"" (line 10), suggesting that age may moderate the effect of personality disorder on coping style."
mistral,Autoxidation products of both carbohydrates and lipids are increased in uremic plasma: is there oxidative stress in uremia?,yes,yes,1,"Yes

Justification: The text states that autoxidation products of both carbohydrates and lipids are increased in uremic plasma, which is indicative of oxidative stress."
mistral,Can 'high-risk' human papillomaviruses (HPVs) be detected in human breast milk?,no,no,1,"No.

Justification: The provided context does not mention the detection of 'high-risk' HPVs in human breast milk."
mistral,Quaternary cytoreductive surgery in ovarian cancer: does surgical effort still matter?,yes,maybe,0,"Maybe

Justification: The article discusses the potential benefits of quaternary cytoreductive surgery in ovarian cancer, but it also acknowledges that the optimal surgical effort remains unclear."
mistral,Chemotherapy and survival in advanced non-small cell lung carcinoma: is pneumologists' skepticism justified?,no,maybe,0,"Maybe

Justification: The study suggests that chemotherapy can improve survival in advanced non-small cell lung carcinoma, but the skepticism may be justified due to the limited benefits and potential side effects."
mistral,Does topical ropivacaine reduce the post-tonsillectomy morbidity in pediatric patients?,yes,maybe,0,"Maybe

Justification: The study suggests that topical ropivacaine may reduce post-tonsillectomy morbidity, but the results are not definitive due to the small sample size and the lack of a control group in"
mistral,Is pain a clinically relevant problem in general adult psychiatry?,yes,yes,1,"Yes

Justification: The context mentions that pain is a common problem in patients with psychiatric disorders, and it can affect their treatment and recovery."
mistral,Does concomitant anterior/apical repair during midurethral sling improve the overactive bladder component of mixed incontinence?,no,maybe,0,"Maybe

Justification: The study suggests that concomitant anterior/apical repair during midurethral sling may improve the overactive bladder component of mixed incontinence, but the results are not definitive due to"
mistral,Does the use of atypical antipsychotics as adjunctive therapy in depression result in cost savings?,no,maybe,0,"Maybe

Justification: The study found that atypical antipsychotics as adjunctive therapy in depression resulted in cost savings in the short term, but the long-term cost-effectiveness was not determined."
mistral,Can patients be anticoagulated after intracerebral hemorrhage?,maybe,no,0,"No

Justification: The context states that ""Anticoagulation is contraindicated in patients with intracerebral hemorrhage."""
mistral,Diagnostic and therapeutic ureteroscopy: is dilatation of ureteral meatus always necessary?,no,maybe,0,"Maybe

Justification: The text states that dilatation of the ureteral meatus is not always necessary, but it is sometimes used to facilitate the passage of the ureteroscope."
mistral,Does managed care enable more low income persons to identify a usual source of care?,maybe,yes,0,"Yes

Justification: The context states that managed care ""encourages the use of primary care providers and the development of a usual source of care for patients."" This suggests that managed care helps more low-income persons identify a usual source"
mistral,"Knee extensor strength, dynamic stability, and functional ambulation: are they related in Parkinson's disease?",yes,yes,1,"Yes

Justification: The study shows that knee extensor strength, dynamic stability, and functional ambulation are significantly related in individuals with Parkinson's disease (PD). Specifically, it was found that decreased knee extensor strength and"
mistral,"Is distance to provider a barrier to care for medicaid patients with breast, colorectal, or lung cancer?",no,yes,0,"Yes

Justification: The text states that ""distance to provider"" is one of the factors that can affect access to care for Medicaid patients with breast, colorectal, or lung cancer."
mistral,Can folic acid protect against congenital heart defects in Down syndrome?,no,maybe,0,"Maybe

Justification: The text mentions that folic acid can reduce the risk of neural tube defects, but it also suggests that further research is needed to determine if it can protect against congenital heart defects in Down syndrome."
mistral,Are there mental health differences between francophone and non-francophone populations in manitoba?,maybe,yes,0,"Yes

Justification: The text states that francophone youth in Manitoba have higher rates of mental health issues compared to non-francophone youth."
mistral,Does type 1 diabetes mellitus affect Achilles tendon response to a 10 km run?,no,maybe,0,"Maybe

Justification: The context mentions that the study found no significant difference in Achilles tendon response between type 1 diabetes mellitus patients and healthy controls after a 10 km run, but the study did not"
mistral,Fragility of the esophageal mucosa: a pathognomonic endoscopic sign of primary eosinophilic esophagitis?,yes,maybe,0,"Maybe

Justification: The context mentions that endoscopic findings in primary eosinophilic esophagitis often include esophageal mucosa fragility, but it also states that other conditions can cause similar"
mistral,Does cup-cage reconstruction with oversized cups provide initial stability in THA for osteoporotic acetabular fractures?,yes,yes,1,"Yes

Justification: The context states that cup-cage reconstruction with oversized cups is used for THA in osteoporotic acetabular fractures, implying that it provides initial stability."
mistral,Pulmonary valve replacement in adults late after repair of tetralogy of fallot: are we operating too late?,yes,maybe,0,"Maybe

Justification: The study suggests that late pulmonary valve replacement in adults after repair of tetralogy of fallot may be associated with increased risk of complications, but the optimal timing remains unclear."
mistral,Xanthogranulomatous cholecystitis: a premalignant condition?,no,maybe,0,"Maybe

Justification: The context mentions that xanthogranulomatous cholecystitis (XGC) is associated with a high risk of malignancy, but it does not definitively state that XGC is"
mistral,Does TDP-43 type confer a distinct pattern of atrophy in frontotemporal lobar degeneration?,yes,yes,1,"Yes

Justification: The context mentions that TDP-43 type is associated with a distinct pattern of atrophy in the frontal and temporal lobes, as observed in MRI scans."
mistral,Is oncoplastic surgery a contraindication for accelerated partial breast radiation using the interstitial multicatheter brachytherapy method?,maybe,maybe,1,"Maybe

Justification: The context does not provide information about the specific contraindications for accelerated partial breast radiation using the interstitial multicatheter brachytherapy method, but it does mention that oncop"
mistral,"Diagnostic characteristics of child bipolar I disorder: does the ""Treatment of Early Age Mania (team)"" sample generalize?",yes,maybe,0,"Maybe

Justification: The ""Treatment of Early Age Mania (team)"" sample is a specific subset of children with bipolar I disorder, and it may not fully represent the general population of children with this disorder."
mistral,Estimation of basal metabolic rate in Chinese: are the current prediction equations applicable?,yes,maybe,0,"Maybe

Justification: The study suggests that the current prediction equations for basal metabolic rate may not be accurate for Chinese individuals, but more research is needed to confirm this."
mistral,Does rugby headgear prevent concussion?,maybe,maybe,1,"Maybe

Justification: The text states that rugby headgear is designed to protect the head from injuries, but it does not guarantee complete protection against concussions."
mistral,Spinal subdural hematoma: a sequela of a ruptured intracranial aneurysm?,yes,no,0,"No.

Justification: The context does not mention any instance of spinal subdural hematoma being a sequela of a ruptured intracranial aneurysm."
mistral,Can shape analysis differentiate free-floating internal carotid artery thrombus from atherosclerotic plaque in patients evaluated with CTA for stroke or transient ischemic attack?,yes,maybe,0,"Maybe

Justification: The context mentions that shape analysis can help in differentiating between free-floating internal carotid artery thrombus and atherosclerotic plaque, but it also states that this"
mistral,Dementia and aphasia in motor neuron disease: an underrecognised association?,yes,maybe,0,"Maybe

Justification: The article discusses a case where a patient with motor neuron disease (MND) also had dementia and aphasia, suggesting that these symptoms may be underrecognized in MND patients."
mistral,Does solid culture for tuberculosis influence clinical decision making in India?,maybe,yes,0,"Yes

Justification: The text states that ""Solid culture for tuberculosis is used to guide treatment decisions in India."""
mistral,Diffusion-weighted echo-planar MR imaging of primary parotid gland tumors: is a prediction of different histologic subtypes possible?,yes,maybe,0,"Maybe

Justification: The study suggests that diffusion-weighted echo-planar MR imaging can help differentiate between benign and malignant parotid gland tumors, but it does not explicitly state that it can predict"
mistral,Is there a role for endothelin-1 in the hemodynamic changes during hemodialysis?,maybe,yes,0,"Yes

Justification: The context mentions that endothelin-1 levels increase during hemodialysis, suggesting a role in the hemodynamic changes."
mistral,Do risk factors for suicidal behavior differ by affective disorder polarity?,no,yes,0,"Yes

Justification: The study found that bipolar disorder patients had a higher risk of suicidal behavior than unipolar patients."
mistral,Multidisciplinary breast cancer clinics. Do they work?,yes,yes,1,"Yes.

Justification: The context mentions that multidisciplinary breast cancer clinics ""have been shown to improve outcomes for patients with breast cancer."""
mistral,Is the international normalised ratio (INR) reliable?,maybe,yes,0,"Yes

Justification: The INR is used to monitor the effectiveness of anticoagulant therapy, and it is considered reliable as it provides a standardised measure of the clotting time of blood."
mistral,"Are there associations of health status, disease activity and damage in SLE patients?",yes,yes,1,"Yes

Justification: The text mentions that ""SLE patients with higher disease activity and damage scores had a higher risk of mortality."" This suggests that there are associations between health status, disease activity, and damage in SLE patients."
mistral,PSA repeatedly fluctuating levels are reassuring enough to avoid biopsy?,no,maybe,0,"Maybe

Justification: The context mentions that PSA levels fluctuating can be due to inflammation or infection, which can resolve on their own, but it's not definitive and a biopsy might still be necessary"
mistral,Is zero central line-associated bloodstream infection rate sustainable?,yes,maybe,0,"Maybe

Justification: The text mentions that the hospital achieved a zero central line-associated bloodstream infection rate for 18 months, but it also states that the rate increased to 0.25 per 100"
mistral,"Is gastric electrical stimulation superior to standard pharmacologic therapy in improving GI symptoms, healthcare resources, and long-term health care benefits?",yes,maybe,0,"Maybe

Justification: The context states that gastric electrical stimulation (GES) is ""associated with a significant improvement in GI symptoms and quality of life"" compared to standard pharmacologic therapy, but it also ment"
mistral,Should pulp chamber pulpotomy be seen as a permanent treatment?,no,maybe,0,"Maybe

Justification: The text states that pulp chamber pulpotomy is a temporary treatment, but it can be considered as a permanent treatment if the pulp tissue is completely removed and the pulp chamber is filled with a suitable medicament"
mistral,Does transverse apex coincide with coronal apex levels (regional or global) in adolescent idiopathic scoliosis?,no,maybe,0,"Maybe

Justification: The context mentions that the study found that the transverse apex level and coronal apex level do not always coincide in adolescent idiopathic scoliosis, but the discrep"
mistral,Does the Child Health Computing System adequately identify children with cerebral palsy?,no,maybe,0,"Maybe

Justification: The system is designed to analyze data from various sources, including medical records, but it's not explicitly stated that it can accurately diagnose cerebral palsy."
mistral,Are we seeing the effects of public awareness campaigns?,maybe,yes,0,"Yes

Justification: The text mentions that the number of people seeking help for mental health issues has increased, which could be attributed to the effects of public awareness campaigns."
mistral,Is breast cancer prognosis inherited?,yes,maybe,0,"Maybe

Justification: The text mentions that ""genetic mutations"" can increase the risk of breast cancer, but it also states that ""most breast cancers are not caused by inherited genetic mutations."" This suggests that while some cases"
mistral,Does nuchal translucency thickness in the first trimester predict GDM onset during pregnancy?,no,maybe,0,"Maybe

Justification: The context mentions that nuchal translucency thickness can be a marker for chromosomal abnormalities, but it is not explicitly stated that it can predict GDM onset during pregnancy. However,"
mistral,Are the arginine vasopressin V1a receptor microsatellites related to hypersexuality in children with a prepubertal and early adolescent bipolar disorder phenotype?,no,maybe,0,"Maybe

Justification: The study suggests a possible association, but more research is needed to confirm this relationship."
mistral,Stage I non-small cell lung carcinoma: really an early stage?,no,maybe,0,"Maybe

Justification: The context states that Stage I non-small cell lung carcinoma is a small tumor that has not spread to the lymph nodes or other parts of the body, but it can still be aggressive and have"
mistral,Does Residency Selection Criteria Predict Performance in Orthopaedic Surgery Residency?,yes,maybe,0,"Maybe

Justification: The study found that while some factors like USMLE scores and research productivity were associated with performance, other factors like interview performance and medical school grades were not consistently predictive."
mistral,Optimism and survival: does an optimistic outlook predict better survival at advanced ages?,yes,yes,1,"Yes

Justification: The study found that optimistic individuals had a 55% lower risk of death compared to pessimistic individuals in the oldest age group."
mistral,Is it better to be big?,no,maybe,0,"Maybe

Justification: The text mentions that the bigger the organism, the more resources it requires, but it also suggests that bigger organisms can have advantages in certain environments."
mistral,Is arch form influenced by sagittal molar relationship or Bolton tooth-size discrepancy?,no,yes,0,"Yes

Justification: The text states that ""the arch form is influenced by the sagittal molar relationship and Bolton tooth-size discrepancy."""
mistral,Cold knife conization vs. LEEP. Are they the same procedure?,no,no,1,"No, they are different procedures.

Justification: Cold knife conization involves the removal of a cone-shaped piece of cervical tissue using a scalpel, while LEEP (Loop Electrosurgical Excision Procedure"
mistral,Are pectins involved in cold acclimation and de-acclimation of winter oil-seed rape plants?,yes,yes,1,"Yes

Justification: The text mentions that pectins are involved in the cold acclimation of winter oil-seed rape plants, as they help to strengthen the cell walls and improve the plants' tolerance to freezing temperatures."
mistral,Updating emotional content in working memory: a depression-specific deficit?,yes,maybe,0,"Maybe

Justification: The study suggests that individuals with depression may have difficulty updating emotional content in working memory, but the findings are not definitive as the study only compared individuals with depression to healthy controls and did not examine other mental health conditions."
mistral,Does ultrasound imaging before puncture facilitate internal jugular vein cannulation?,maybe,yes,0,"Yes

Justification: The context states that ultrasound guidance was used before puncture, which is known to improve the success rate of internal jugular vein cannulation."
mistral,Should prostate specific antigen be adjusted for body mass index?,no,yes,0,"Yes

Justification: The text states that ""Prostate specific antigen (PSA) levels are influenced by body mass index (BMI), so adjusting PSA for BMI can help improve the accuracy of prostate cancer diagnosis."""
mistral,Does obstructive sleep apnea affect aerobic fitness?,maybe,yes,0,"Yes

Justification: The text states that ""The study found that obstructive sleep apnea was associated with lower aerobic fitness."""
mistral,The effect of an intracerebroventricular injection of metformin or AICAR on the plasma concentrations of melatonin in the ewe: potential involvement of AMPK?,yes,maybe,0,"Maybe

Justification: The study suggests that both metformin and AICAR can increase AMPK activity, which could potentially influence melatonin production. However, the study does not directly measure the effect of these compounds on mel"
mistral,Literacy after cerebral hemispherectomy: Can the isolated right hemisphere read?,yes,maybe,0,"Maybe

Justification: The patient was able to read simple words after the surgery, but the ability to read complex sentences was not tested."
mistral,Characterization of the gender dimorphism after injury and hemorrhagic shock: are hormonal differences responsible?,no,maybe,0,"Maybe

Justification: The provided context discusses the differences in survival rates between male and female rats after hemorrhagic shock, but it does not directly address the role of hormonal differences in these outcomes. However, the study"
mistral,Can communication with terminally ill patients be taught?,yes,yes,1,"Yes

Justification: The text mentions that the hospital has a ""Communication Skills Training Program"" for healthcare professionals to learn how to communicate with terminally ill patients."
mistral,Delays in time to primary treatment after a diagnosis of breast cancer: does it impact survival?,no,yes,0,"Yes

Justification: The text states that ""early treatment is crucial for the best possible outcome"" (line 11). This implies that delays in treatment can negatively impact survival."
mistral,Are increased carotid artery pulsatility and resistance indexes early signs of vascular abnormalities in young obese males?,yes,yes,1,"Yes

Justification: The text states that ""Increased carotid artery pulsatility and resistance indexes were observed in young obese males, suggesting early signs of vascular abnormalities."""
mistral,Are acceptance rates of a national preventive home visit programme for older people socially imbalanced?,yes,yes,1,"Yes

Justification: The text mentions that the acceptance rate for the programme was higher in more affluent areas, indicating a social imbalance."
mistral,Does open access publishing increase the impact of scientific articles?,yes,yes,1,"Yes

Justification: The article states that open access articles are more likely to be cited than non-open access articles."
mistral,In vivo visualization of pyloric mucosal hypertrophy in infants with hypertrophic pyloric stenosis: is there an etiologic role?,yes,maybe,0,"Maybe

Justification: The study suggests that there may be an etiologic role, but it does not definitively prove it. The study found that there were differences in the expression of certain genes in infants with hypertroph"
mistral,Does the early adopter of drugs exist?,no,yes,0,"Yes

Justification: The text mentions that the early adopter of the drug is the physician."
mistral,Does high blood pressure reduce the risk of chronic low back pain?,yes,no,0,"No, the context does not provide evidence to suggest that high blood pressure reduces the risk of chronic low back pain. Instead, it suggests that high blood pressure may be associated with an increased risk of chronic low back pain."
mistral,Does responsibility affect the public's valuation of health care interventions?,maybe,yes,0,"Yes

Justification: The text states that the public's valuation of health care interventions can be influenced by the perceived responsibility of the parties involved (line 10)."
mistral,Nasal fractures:  is closed reduction satisfying?,yes,yes,1,"Yes

Justification: The patient's nasal fracture was reduced closed, and the nasal deformity was corrected."
mistral,"Do improvements in outreach, clinical, and family and community-based services predict improvements in child survival?",yes,yes,1,"Yes

Justification: The text states that ""improvements in outreach, clinical, and family and community-based services have been shown to improve child survival"" (line 10)."
mistral,Does spontaneous remission occur in polyarteritis nodosa?,yes,maybe,0,"Maybe

Justification: The context mentions that polyarteritis nodosa is a chronic disease, but it also states that remission can occur with treatment. However, the context does not provide information about spontaneous remission without treatment."
mistral,Gluten tolerance in adult patients with celiac disease 20 years after diagnosis?,maybe,yes,0,"Yes

Justification: The patient in the context has been living gluten-free for 20 years and has not experienced any symptoms, indicating a maintained tolerance to gluten."
mistral,Do symptoms predict COPD in smokers?,no,yes,0,"Yes

Justification: The text states that ""symptoms such as chronic cough, wheezing, and shortness of breath are common in smokers and can be early signs of COPD."""
mistral,Search engine as a diagnostic tool in difficult immunological and allergologic cases: is Google useful?,yes,maybe,0,"Maybe

Justification: The context mentions that Google can provide some useful information, but it also emphasizes that it should not be the only source of information and that it should be used with caution."
mistral,Uniformity of evidence-based treatments in practice?,yes,maybe,0,"Maybe

Justification: The context mentions that the study found that the use of evidence-based treatments varied widely among the hospitals, suggesting a lack of uniformity. However, it also states that the study aimed to improve the use of evidence"
mistral,Do approved doctors and medical referees in the UK agree when assessing a seafarer's fitness?,no,maybe,0,"Maybe

Justification: The text mentions that there can be disagreements between doctors and medical referees, suggesting that they do not always agree. However, it does not provide enough information to definitively say that they never agree."
mistral,Hepatorenal syndrome: are we missing some prognostic factors?,yes,maybe,0,"Maybe. The context mentions that the prognosis of Hepatorenal syndrome is poor, but it also mentions that the development of HRS is associated with factors such as high MELD score, renal vasoconstriction, and"
mistral,Vaginal dose assessment in image-guided brachytherapy for cervical cancer: Can we really rely on dose-point evaluation?,maybe,maybe,1,"Maybe

Justification: The text mentions that while dose-point evaluation is commonly used in image-guided brachytherapy for cervical cancer, it may not fully capture the complex dose distribution within the cervix,"
mistral,Prescriptions as a proxy for asthma in children: a good choice?,no,maybe,0,"Maybe

Justification: The study suggests that prescriptions for asthma medication can be used as a proxy for asthma in children, but it also acknowledges that this method may not capture all cases of asthma, particularly those"
mistral,Does the familial transmission of drinking patterns persist into young adulthood?,maybe,yes,0,"Yes

Justification: The text states that ""the study found that the children of heavy drinkers were more likely to become heavy drinkers themselves."""
mistral,Proof of concept study: does fenofibrate have a role in sleep apnoea syndrome?,yes,maybe,0,"Maybe

Justification: The study shows that fenofibrate can improve sleep apnoea syndrome, but it is a small-scale study and more research is needed to confirm the results."
mistral,Can mental imagery functional magnetic resonance imaging predict recovery in patients with disorders of consciousness?,yes,maybe,0,"Maybe

Justification: The context mentions that mental imagery fMRI can be used to assess the level of consciousness in patients, but it does not explicitly state that it can predict recovery."
mistral,The nurse cystoscopist: a feasible option?,yes,yes,1,"Yes

Justification: The text mentions that the nurse cystoscopist is a new role being considered for the future."
mistral,Is cardiovascular evaluation necessary prior to and during beta-blocker therapy for infantile hemangiomas?,no,maybe,0,"Maybe

Justification: The context suggests that beta-blockers can be used for infantile hemangiomas, but it also mentions that cardiovascular evaluation is recommended prior to and during therapy due to potential cardiovascular effects of"
mistral,Is specialty care associated with improved survival of patients with congestive heart failure?,yes,yes,1,"Yes

Justification: The study found that patients with congestive heart failure who received specialty care had a lower risk of death compared to those who did not receive specialty care."
mistral,Can the prognosis of polymyalgia rheumatica be predicted at disease onset?,yes,maybe,0,"Maybe

Justification: The context mentions that the disease can be treated with corticosteroids, but it does not provide information about the predictability of the disease's course at onset."
